Title,Link
RFK Jr. wants you to believe that Trump has 'changed as a person',https://www.msnbc.com/top-stories/latest/rfk-jr-trump-changed-president-rcna169108
Hulu’s ‘Baywatch’ doc is a shallow look back at a shallow TV phenomenon,https://www.msnbc.com/opinion/msnbc-opinion/hulus-baywatch-doc-glosses-pamela-anderson-cultural-phenomenon-rcna169001
How one doctor’s cooperation could affect the case against the other in Matthew Perry’s death,https://www.msnbc.com/deadline-white-house/deadline-legal-blog/matthew-perry-doctor-plea-deal-ketamine-overdose-rcna169052
"Trump headlines Moms for Liberty summit, despite trying to distance himself from Project 2025",https://www.msnbc.com/top-stories/latest/trump-moms-for-liberty-heritage-foundation-project-2025-rcna169087
Why Trump’s new trading cards are a very bad bet,https://www.msnbc.com/opinion/msnbc-opinion/trump-trading-cards-nft-america-first-rcna168999
Kamala Harris’ Georgia trip highlights a savvy broader strategy,https://www.msnbc.com/inside-with-jen-psaki/kamala-harris-georgia-trip-beat-trump-rcna169018
"Vance, confronted with the awful story behind the viral Miss Teen USA clip, says he won’t apologize",https://www.msnbc.com/top-stories/latest/jd-vance-meme-miss-teen-usa-caitlin-upton-rcna169003
Trump seeks to leverage immunity ruling in New York hush money case ahead of sentencing,https://www.msnbc.com/deadline-white-house/deadline-legal-blog/trump-hush-money-case-sentencing-federal-court-move-rcna168957
"Friday’s Mini-Report, 8.30.24",https://www.msnbc.com/rachel-maddow-show/maddowblog/fridays-mini-report-83024-rcna169056
JD Vance nags billionaire Peter Thiel to throw money at Donald Trump's campaign,https://www.msnbc.com/the-reidout/reidout-blog/jd-vance-peter-thiel-donations-rcna169051
What’s next in Adnan Syed's case after court keeps convictions intact for Hae Min Lee's murder,https://www.msnbc.com/deadline-white-house/deadline-legal-blog/adnan-syed-whats-next-murder-hae-min-lee-rcna168996
Ruben Gallego’s disturbing letter offers Phoenix police a major gift,https://www.msnbc.com/the-reidout/reidout-blog/ruben-gallego-letter-phoenix-police-doj-consent-decree-rcna169023
"Ruby Freeman, Shaye Moss are going after Giuliani's assets now that his bankruptcy case is dismissed",https://www.msnbc.com/top-stories/latest/freeman-moss-giuliani-assets-defamation-judgment-rcna169015
"Nearly six weeks later, Trump can’t shake his fixation on Biden",https://www.msnbc.com/rachel-maddow-show/maddowblog/nearly-six-weeks-later-trump-cant-shake-fixation-biden-rcna169047
Why Harris and Walz's first major interview was a win for the campaign,https://www.msnbc.com/top-stories/latest/kamala-harris-tim-walz-interview-cnn-media-rcna169019
Let's dispel the myth that Harris will be any different from Biden on Gaza and Israel,https://www.msnbc.com/top-stories/latest/kamala-harris-israel-gaza-cnn-biden-rcna168949
This ‘very demure’ TikTok star is being ‘very mindful’ about getting credit,https://www.msnbc.com/opinion/msnbc-opinion/demure-tiktok-jools-lebron-handled-trademark-rcna168843
"Against election backdrop, economic growth beats expectations (again)",https://www.msnbc.com/rachel-maddow-show/maddowblog/election-backdrop-economic-growth-beats-expectations-rcna169008
Why Kamala Harris is messaging Latino voters without using the word 'Latino',https://www.msnbc.com/opinion/msnbc-opinion/kamala-harris-poll-latino-hispanic-voter-election-rcna168830
"Friday’s Campaign Round-Up, 8.30.24",https://www.msnbc.com/rachel-maddow-show/maddowblog/fridays-campaign-83024-rcna168986
Why Trump’s new line on IVF is so difficult to take seriously,https://www.msnbc.com/rachel-maddow-show/maddowblog/trumps-new-line-ivf-difficult-take-seriously-rcna168975
"In interview, Harris vows to include a Republican in her Cabinet",https://www.msnbc.com/rachel-maddow-show/maddowblog/interview-harris-vows-include-republican-cabinet-rcna168968
Why plans for the next presidential debate still aren’t finalized,https://www.msnbc.com/rachel-maddow-show/maddowblog/plans-presidential-debate-still-arent-finalized-rcna168955
New details suggest Trump’s Arlington controversy won’t end soon,https://www.msnbc.com/rachel-maddow-show/maddowblog/new-details-suggest-trumps-arlington-controversy-wont-end-soon-rcna168944
Kamala Harris is reaching out to rural voters. That will help her win — and govern.,https://www.msnbc.com/opinion/msnbc-opinion/kamala-harris-tim-walz-bus-tour-rural-voters-rcna168615
Why Kamala Harris is getting the last laugh after Trump’s CNN interview criticism,https://www.msnbc.com/opinion/msnbc-opinion/kamala-harris-tim-walz-cnn-interview-rcna168598
I’m a combat veteran. Here’s why Trump’s Arlington stunt was so insulting.,https://www.msnbc.com/opinion/msnbc-opinion/trump-arlington-national-cemetery-grave-photo-rcna168767
Donald Trump's disrespectful Arlington photo-op should not come as a shock,https://www.msnbc.com/top-stories/latest/donald-trump-arlington-photo-military-jd-vance-rcna168853
The GOP foolishly objects to Biden’s plan to keep these married couples together,https://www.msnbc.com/opinion/msnbc-opinion/keeping-families-together-biden-ken-paxton-rcna168479
I understand why Harris delayed her high-stakes interview. It was still a mistake.,https://www.msnbc.com/morning-joe/morning-joe/kamala-harris-cnn-interview-rcna168867
"RFK Jr. says his endorsement of Trump is a ‘really difficult issue’ for his wife, actor Cheryl Hines",https://www.msnbc.com/top-stories/latest/rfk-jr-wife-cheryl-hines-trump-endorsement-rcna168858
Nebraska Supreme Court to decide on laws allowing those with felony convictions to vote,https://www.msnbc.com/deadline-white-house/deadline-legal-blog/nebraska-felony-conviction-voting-appeal-rcna168863
Harris sends letter to HBCU students as her college voter push continues,https://www.msnbc.com/the-reidout/reidout-blog/kamala-harris-hbcu-letter-election-rcna168874
"Thursday’s Mini-Report, 8.29.24",https://www.msnbc.com/rachel-maddow-show/maddowblog/thursdays-mini-report-82924-rcna168875
The Supreme Court made Jack Smith’s case much harder. His new indictment proves it.,https://www.msnbc.com/rachel-maddow-show/maddowblog/trump-indictment-jack-smith-supreme-court-rcna168667
I’m a childfree teacher. JD Vance thinks that means I’m ‘brainwashing’ students.,https://www.msnbc.com/opinion/msnbc-opinion/jd-vance-childless-teacher-brainwash-randi-weingarten-rcna168805
Gov. Greg Abbott's brag about a mass voter purge in Texas is not what it seems,https://www.msnbc.com/top-stories/latest/texas-voter-roll-purge-greg-abbott-rcna168815
Why JD Vance heard boos while appealing to firefighters’ union,https://www.msnbc.com/rachel-maddow-show/maddowblog/jd-vance-heard-boos-firefighters-union-walz-election-2024-rcna168855
"Despite Nassar failures, report says FBI continued to mishandle child sexual offense cases",https://www.msnbc.com/deadline-white-house/deadline-legal-blog/fbi-child-sexual-offense-doj-ig-nassar-rcna168817
5th Circuit sides with nonviolent marijuana user in Second Amendment appeal,https://www.msnbc.com/deadline-white-house/deadline-legal-blog/5th-circuit-nonviolent-marijuana-user-second-amendment-rcna168773
Vance: Harris can 'go to hell' for criticisms of Trump campaign over Arlington incident,https://www.msnbc.com/top-stories/latest/jd-vance-kamala-harris-go-to-hell-trump-arlington-rcna168765
"The U.S. manufacturing story JD Vance wants to be true, but isn’t",https://www.msnbc.com/rachel-maddow-show/maddowblog/us-manufacturing-story-jd-vance-wants-true-isnt-rcna168822
"Thursday’s Campaign Round-Up, 8.29.24",https://www.msnbc.com/rachel-maddow-show/maddowblog/thursdays-campaign-82924-rcna168809
Why Trump should avoid relitigating his infamous ‘dictator’ comments,https://www.msnbc.com/rachel-maddow-show/maddowblog/trump-avoid-relitigating-infamous-dictator-comments-rcna168798
Pennsylvania Senate candidate made a pretty bad geographical mistake,https://www.msnbc.com/the-reidout/reidout-blog/dave-mccormick-confuses-philadelphia-pennsylvania-mississippi-rcna168787
Don’t fall for Mark Zuckerberg’s Trump-friendly suck-up,https://www.msnbc.com/the-reidout/reidout-blog/mark-zuckerberg-letter-jim-jordan-biden-administration-rcna168708
Trump’s online tantrum targets Harris with crude sexual remark,https://www.msnbc.com/rachel-maddow-show/maddowblog/donald-trump-tantrum-kamala-harris-crude-sexual-remark-election-2024-rcna168793
Jim Jordan targets daughter of judge from Trump’s hush money case,https://www.msnbc.com/rachel-maddow-show/maddowblog/jim-jordan-targets-daughter-judge-trumps-hush-money-case-rcna168760
The Trump-Vance campaign is in (another) crisis of its own making,https://www.msnbc.com/morning-joe/morning-joe/jd-vance-childless-women-teachers-insults-rcna168686
"For Trump, Arlington National Cemetery controversy goes from bad to worse",https://www.msnbc.com/rachel-maddow-show/maddowblog/trump-arlington-cemetery-controversy-goes-bad-worse-rcna168747
Ex-Nevada politician found guilty of murdering journalist,https://www.msnbc.com/top-stories/latest/robert-telles-murder-trial-verdict-jeff-german-las-vegas-rcna168400
'Super genius' economists say Trump budget is costlier than Harris plan,https://www.msnbc.com/the-reidout/reidout-blog/trump-penn-wharton-economy-harris-rcna168687
RFK Jr. and Tulsi Gabbard have joined Trump's campaign. It could backfire.,https://www.msnbc.com/opinion/msnbc-opinion/rfk-trump-gabbard-transition-harris-rcna168592
"Trump, while reflecting on assassination attempt, puts blame on Biden and Harris",https://www.msnbc.com/top-stories/latest/trump-dr-phil-interview-assassination-attempt-biden-harris-rcna168617
Trump is borrowing an old GOP tactic on abortion — with one key difference,https://www.msnbc.com/opinion/msnbc-opinion/trump-reproductive-rights-truth-social-abortion-rcna168309
Why the drought’s finally over for thirsty Oasis fans,https://www.msnbc.com/opinion/msnbc-opinion/oasis-reunion-tour-liam-noel-gallagher-brothers-feud-rcna168716
Why a judge told Martin Shkreli to hand over Wu-Tang Clan album copies,https://www.msnbc.com/deadline-white-house/deadline-legal-blog/martin-shkreli-wu-tang-clan-copies-once-upon-time-shaolin-rcna168481
"Wednesday’s Mini-Report, 8.28.24",https://www.msnbc.com/rachel-maddow-show/maddowblog/wednesdays-mini-report-82824-rcna168697
Colorado man arrested after allegedly making threats against judges and election officials,https://www.msnbc.com/the-reidout/reidout-blog/colorado-man-death-threats-judges-election-officials-rcna168666
Project 2025 would enable Donald Trump's worst instincts as commander in chief,https://www.msnbc.com/the-reidout/reidout-blog/donald-trump-veterans-military-project-2025-rcna168665
"RFK Jr., who has endorsed Trump for president, must stay on the ballot in two swing states",https://www.msnbc.com/top-stories/latest/rfk-jr-michigan-wisconsin-ballot-trump-swing-states-rcna168680
How Obama’s biggest ‘controversy’ became Harris’ greatest opportunity,https://www.msnbc.com/opinion/msnbc-opinion/kamala-tan-suit-vs-obama-tan-suit-rcna168627
Supreme Court rejects Biden administration bid to allow student loan relief,https://www.msnbc.com/deadline-white-house/deadline-legal-blog/supreme-court-student-loan-relief-biden-rcna168671
"As the GOP targets Harris’ border wall stance, the details matter",https://www.msnbc.com/rachel-maddow-show/maddowblog/gop-targets-harris-border-wall-stance-details-matter-rcna168652
Sarah Palin wins new trial against New York Times in defamation case,https://www.msnbc.com/deadline-white-house/deadline-legal-blog/sarah-palin-new-york-times-defamation-appeal-rcna168606
The DC Superseder,https://www.msnbc.com/msnbc-podcast/prosecuting-donald-trump/prosecuting-donald-trump-dc-superseder-rcna168643
Now Playing in the 11th Circuit,https://www.msnbc.com/msnbc-podcast/prosecuting-donald-trump/prosecuting-donald-trump-now-playing-11th-circuit-rcna168637
"Looking for cash, Trump combines two of his money-making schemes",https://www.msnbc.com/rachel-maddow-show/maddowblog/looking-cash-trump-combines-two-money-making-schemes-rcna168626
What Jack Smith’s changes tell us about his Jan. 6 case against Trump,https://www.msnbc.com/opinion/msnbc-opinion/jack-smith-trump-indictment-changes-jan-6-supreme-court-rcna168525
"Wednesday’s Campaign Round-Up, 8.28.24",https://www.msnbc.com/rachel-maddow-show/maddowblog/wednesdays-campaign-82824-rcna168613
The brutal reality of Trump's mass deportation plan needs to be discussed,https://www.msnbc.com/opinion/msnbc-opinion/trump-mass-deportation-plan-rcna168431
Republicans' latest attack line against Tim Walz: His dog?,https://www.msnbc.com/top-stories/latest/tim-walz-dog-scout-conspiracy-republicans-rcna168498
Justice Ketanji Brown Jackson calls out immunity ruling as contrary to a system that 'treated everyone the same',https://www.msnbc.com/deadline-white-house/deadline-legal-blog/ketanji-brown-jackson-immunity-ruling-trump-rcna168578
Vance’s rhetorical record on people without kids gets even worse,https://www.msnbc.com/rachel-maddow-show/maddowblog/jd-vance-rhetorical-record-people-kids-worse-families-election-2024-rcna168597
"The worst part of Trump’s reaction to new, superseding indictment",https://www.msnbc.com/rachel-maddow-show/maddowblog/worst-part-trumps-reaction-new-superseding-indictment-rcna168587
Why Trump’s ‘incident’ at Arlington National Cemetery matters,https://www.msnbc.com/rachel-maddow-show/maddowblog/trumps-incident-arlington-national-cemetery-matters-rcna168577
Jack Smith’s targeted indictment faces a bigger test than immunity,https://www.msnbc.com/deadline-white-house/deadline-legal-blog/jack-smith-trump-superseding-indictment-supreme-court-immunity-rcna168567
"Trump claims he’s agreed to debate Harris, but there’s a catch",https://www.msnbc.com/rachel-maddow-show/maddowblog/donald-trump-agreed-debate-kamala-harris-election-campaign-2024-rcna168568
Kamala Harris is right to not make her race and gender a rallying cry,https://www.msnbc.com/opinion/msnbc-opinion/kamala-harris-policy-identity-trump-attacks-rcna168255
Trump’s golf club honoring the villains of Jan. 6 is on brand — but no less disgusting,https://www.msnbc.com/opinion/msnbc-opinion/j6-awards-gala-trump-golf-club-rcna168530
The prosecutor populism of Kamala Harris,https://www.msnbc.com/opinion/msnbc-opinion/kamala-harris-campaign-proposals-prosecutor-rcna168232
‘It Ends With Us’ was already problematic. Blake Lively’s press tour made it worse.,https://www.msnbc.com/opinion/msnbc-opinion/colleen-hoover-blake-lively-it-ends-with-us-booktok-rcna168452
Obama’s social media warning had Musk’s and Zuckerberg’s names written all over it,https://www.msnbc.com/the-reidout/reidout-blog/obama-dnc-social-media-musk-zuckerberg-actblue-rcna168512
Jack Smith files new indictment in Trump election subversion case,https://www.msnbc.com/deadline-white-house/deadline-legal-blog/trump-jack-smith-superceding-indictment-jan-6-election-case-rcna168502
"In a critical year, we can't sleep on the GOP's state-level chaos",https://www.msnbc.com/rachel-maddow-show/maddowblog/republican-party-chaos-swing-state-election-rcna168488
Jack Smith hits back at Judge Cannon's nonsensical ruling,https://www.msnbc.com/top-stories/latest/jack-smith-judge-aileen-cannon-classifed-documents-donald-trump-rcna168473
"Tuesday’s Mini-Report, 8.27.24",https://www.msnbc.com/rachel-maddow-show/maddowblog/tuesdays-mini-report-82724-rcna168511
Trump allies indicted in Arizona fake electors scheme get a 2026 trial date,https://www.msnbc.com/top-stories/latest/arizona-fake-electors-2020-election-trump-allies-rcna168466
Read Jack Smith's superseding indictment in the Trump election subversion case,https://www.msnbc.com/deadline-white-house/deadline-legal-blog/read-jack-smith-trump-superseding-indictment-jan-6-pdf-rcna168507
Why do Republicans keep forgetting who was president in 2020?,https://www.msnbc.com/rachel-maddow-show/maddowblog/republicans-keep-forgetting-was-president-2020-rcna168496
Judge halts Biden program that protects undocumented spouses of U.S. citizens from deportation,https://www.msnbc.com/top-stories/latest/judge-halts-biden-program-undocumented-spouses-immigration-rcna168387
Border-wall politics trips up Trump’s 2024 campaign (again),https://www.msnbc.com/rachel-maddow-show/maddowblog/border-wall-politics-trips-trumps-2024-campaign-rcna168472
"Despite commitment, Trump hedges on scheduled debate with Harris",https://www.msnbc.com/rachel-maddow-show/maddowblog/donald-trump-hedges-presidential-debate-kamala-harris-election-2024-rcna168170
The Harris campaign has Trump constantly playing defense,https://www.msnbc.com/opinion/msnbc-opinion/harris-campaign-offensive-strategy-trump-defense-rcna168382
Lawsuit against Georgia Election Board seeks to 'prevent chaos’ in November,https://www.msnbc.com/deadline-white-house/deadline-legal-blog/georgia-election-board-rules-lawsuit-rcna168427
Police endorsement for Gallego adds to Kari Lake's woes in Arizona Senate race,https://www.msnbc.com/the-reidout/reidout-blog/ruben-gallego-kari-lake-arizona-senate-police-endorsement-rcna168435
"Trump targets Harris, Walz with entirely made-up claims",https://www.msnbc.com/rachel-maddow-show/maddowblog/donald-trump-targets-kamala-harris-tim-walz-claims-election-2024-rcna168458
Texas is the latest battleground in Trump's war against voters,https://www.msnbc.com/opinion/msnbc-opinion/texas-ken-paxton-lulac-doj-rcna168224
"Hundreds of former Bush, McCain and Romney staffers back Harris",https://www.msnbc.com/rachel-maddow-show/maddowblog/hundreds-former-bush-mccain-romney-staffers-back-harris-rcna168430
"Tuesday’s Campaign Round-Up, 8.27.24",https://www.msnbc.com/rachel-maddow-show/maddowblog/tuesdays-campaign-82724-rcna168420
Trump again calls for flag-burning punishment: 'We'll make it constitutional',https://www.msnbc.com/deadline-white-house/deadline-legal-blog/trump-flag-burning-first-amendment-supreme-court-rcna168381
Republicans eye 'parallel' probe of Trump assassination attempt,https://www.msnbc.com/rachel-maddow-show/maddowblog/republicans-eye-parallel-probe-trump-assassination-attempt-rcna168410
Why does Trump want a Space National Guard and an ‘Iron Dome’?,https://www.msnbc.com/rachel-maddow-show/maddowblog/trump-want-space-national-guard-iron-dome-rcna168396
"Republicans find new, unfortunate ways to reward fake electors",https://www.msnbc.com/rachel-maddow-show/maddowblog/republicans-find-new-unfortunate-ways-reward-fake-electors-rcna168383
"Trump calls his former chief of staff a ‘terrible, stupid person’",https://www.msnbc.com/rachel-maddow-show/maddowblog/trump-calls-former-chief-staff-terrible-stupid-person-rcna168369
Michigan sheriff reportedly faces a state investigation over Trump’s campaign event in Howell,https://www.msnbc.com/the-reidout/reidout-blog/trump-howell-michigan-sheriff-mike-murphy-investigation-rcna168312
Ron DeSantis' anti-woke crusade just suffered a humiliating defeat,https://www.msnbc.com/opinion/msnbc-opinion/ron-desantis-anti-woke-school-boards-rcna167958
Kamala Harris can win North Carolina — but she’ll need to rebuild the Obama coalition,https://www.msnbc.com/opinion/msnbc-opinion/north-carolina-2024-election-polls-harris-trump-rcna168307
"Jack Smith could win his appeal, but still have to deal with Judge Cannon",https://www.msnbc.com/deadline-white-house/deadline-legal-blog/jack-smith-judge-aileen-cannon-classified-documents-rcna168242
This aspect of Louisiana’s abortion ban is deliberately vague — and deliberately cruel,https://www.msnbc.com/opinion/msnbc-opinion/dnc-louisiana-abortion-ban-kaitlyn-joshua-liz-murrill-rcna168301
This DOJ lawsuit is just one of several good signs for exhausted renters and homeowners,https://www.msnbc.com/opinion/msnbc-opinion/kamala-harris-rising-rent-control-plan-rcna168286
"Monday’s Mini-Report, 8.26.24",https://www.msnbc.com/rachel-maddow-show/maddowblog/mondays-mini-report-82624-rcna168308
RFK Jr.'s endorsement of Donald Trump confirms what we've suspected all along,https://www.msnbc.com/top-stories/latest/rfk-jr-donald-trump-endorsement-kennedy-conspiracy-rcna168287
Here's what Kamala Harris has to do in high-stakes sit-down interview,https://www.msnbc.com/top-stories/latest/kamala-harris-tim-walz-interview-donald-trump-rcna168274
Trump could be starting to face the music over his campaign’s use of an Isaac Hayes song,https://www.msnbc.com/the-reidout/reidout-blog/trump-isaac-hayes-song-hold-on-im-coming-rcna168275
How racism claims play into Trump's Georgia criminal case appeal,https://www.msnbc.com/deadline-white-house/deadline-legal-blog/trump-fani-willis-racism-georgia-election-case-rcna168265
"Trump howls as Harris, Dems turn him into the 2024 incumbent",https://www.msnbc.com/rachel-maddow-show/maddowblog/trump-howls-harris-dems-turn-2024-incumbent-rcna168276
Senate candidate Royce White says suburban women voters are for suckers,https://www.msnbc.com/the-reidout/reidout-blog/royce-white-podcast-suburban-women-rcna168254
Jack Smith reportedly won’t seek a ‘mini-trial’ in Trump’s Jan. 6 case,https://www.msnbc.com/deadline-white-house/deadline-legal-blog/jack-smith-mini-trial-trump-jan-6-election-interference-rcna168195
“We’re in the Coconut Grove”,https://www.msnbc.com/msnbc-podcast/how-to-win/win-2024-re-coconut-grove-rcna168259
Colorado’s Dave Williams becomes latest GOP chair to be ousted,https://www.msnbc.com/rachel-maddow-show/maddowblog/colorados-dave-williams-becomes-latest-gop-chair-ousted-rcna168239
"Monday’s Campaign Round-Up, 8.26.24",https://www.msnbc.com/rachel-maddow-show/maddowblog/mondays-campaign-82624-rcna168226
"Lawyers from Reagan, Bush administrations endorse Harris in 2024 race",https://www.msnbc.com/rachel-maddow-show/maddowblog/lawyers-reagan-bush-administrations-endorse-harris-2024-race-rcna168217
‘I’m not going to be afraid anymore’: How Biden’s plan for undocumented immigrants will change lives,https://www.msnbc.com/know-your-value/out-of-office/m-not-going-afraid-anymore-bidens-plan-undocumented-immigrants-will-ch-rcna167593
The problem(s) with Paxton’s new election investigations in Texas,https://www.msnbc.com/rachel-maddow-show/maddowblog/problems-paxtons-new-election-investigations-texas-rcna168209
Shouldn’t Trump release his latest tax returns right about now?,https://www.msnbc.com/rachel-maddow-show/maddowblog/shouldnt-trump-release-latest-tax-returns-right-now-rcna168192
H.R. McMaster struggled to understand ‘Putin’s hold on Trump’,https://www.msnbc.com/rachel-maddow-show/maddowblog/hr-mcmaster-struggled-understand-putins-hold-trump-rcna168176
Democrats found a perfect response to Trump's vision of patriotism,https://www.msnbc.com/opinion/msnbc-opinion/kamala-harris-democrats-patriotism-trump-rcna167961
"Democrats, stop calling the Harris-Trump race ‘the prosecutor’ vs. ‘the felon’",https://www.msnbc.com/opinion/msnbc-opinion/kamala-harris-trump-prosecutor-felon-democrats-rcna167349
States want to reduce qualifications for teachers. That’s a huge mistake.,https://www.msnbc.com/opinion/msnbc-opinion/states-teachers-reduce-qualifications-school-year-rcna167554
How I’ve been convincing Christians they don’t have to vote Republican,https://www.msnbc.com/opinion/msnbc-opinion/christians-kamala-can-pull-evangelical-voters-away-donald-trump-rcna167561
I’m a judge. Here’s why the viral video of a teenager’s humiliation has me furious.,https://www.msnbc.com/opinion/msnbc-opinion/detroit-judge-sued-handcuffed-teen-rcna167650
Trump judge greenlights machine guns under Second Amendment,https://www.msnbc.com/deadline-white-house/deadline-legal-blog/machine-guns-second-amendment-bruen-rcna168012
Why I’m (still) rooting for Jennifer Lopez to find true love,https://www.msnbc.com/opinion/msnbc-opinion/jennifer-lopez-ben-affleck-marriage-divorce-love-rcna168038
The DNC outperformed the RNC in a category that will probably vex Trump,https://www.msnbc.com/top-stories/latest/dnc-ratings-rnc-trump-tv-crowds-rcna168089
"Judge faults Breonna Taylor's boyfriend for her death, drops key charges against two cops",https://www.msnbc.com/top-stories/latest/breonna-taylor-charges-dismissed-officers-rcna168070
The DNC showed how the Democrats are willing to accept the unacceptable on Gaza,https://www.msnbc.com/opinion/msnbc-opinion/dnc-gaza-israel-kamala-harris-rcna167973
'A betrayal': RFK Jr.'s family members decry his endorsement of Trump,https://www.msnbc.com/top-stories/latest/robert-f-kennedy-jr-trump-endorsement-family-rcna168068
These fact-checks about Trump are accurate — but they completely miss the point,https://www.msnbc.com/opinion/msnbc-opinion/trump-fact-check-dnc-video-rcna167571
How Tim Walz’s dumb taco joke broke MAGA brains,https://www.msnbc.com/opinion/msnbc-opinion/tim-walz-white-guy-tacos-harris-campaign-video-trump-ann-coulter-rcna167678
Ruben Gallego's DNC speech highlighted an important truth about Latino voters,https://www.msnbc.com/opinion/msnbc-opinion/dnc-speech-ruben-gallego-arizona-latino-voters-rcna168044
Team Harris' DNC approach offered a classic lesson in political communication,https://www.msnbc.com/inside-with-jen-psaki/kamala-harris-dnc-masterclass-immigration-trump-rcna168037
Beyoncé didn't show — but the DNC's celebrities blew the RNC's out of the water,https://www.msnbc.com/opinion/msnbc-opinion/beyonce-pink-dnc-celebrities-trump-rnc-rcna168029
Ex-MMA fighter Ronda Rousey apologizes for once sharing a Sandy Hook conspiracy theory,https://www.msnbc.com/top-stories/latest/ronda-rousey-sandy-hook-conspiracy-apology-rcna168002
Trump professes his love for dubious stop-and-frisk policing,https://www.msnbc.com/the-reidout/reidout-blog/trump-stop-frisk-new-york-police-fox-news-interview-rcna168003
"Friday’s Mini-Report, 8.23.24",https://www.msnbc.com/rachel-maddow-show/maddowblog/fridays-mini-report-82324-rcna168032
"Trump's 'dog' insults come back to bite him as he courts Kennedy, Kemp support",https://www.msnbc.com/the-reidout/reidout-blog/trump-kemp-kennedy-like-a-dog-rcna168016
This was the most effective line from Kamala Harris' DNC speech,https://www.msnbc.com/morning-joe/morning-joe/kamala-harris-dnc-speech-prosecutor-donald-trump-rcna168015
"It's not time for a victory lap, Democrats. It's time to fight.",https://www.msnbc.com/morning-joe/morning-joe/kamala-harris-dnc-fight-donald-trump-election-rcna168010
The Supreme Court is a wild card on voting in the 2024 election,https://www.msnbc.com/deadline-white-house/deadline-legal-blog/supreme-court-2024-election-trump-arizona-rcna167954
Jon Stewart’s DNC special showed exactly where his loyalty is,https://www.msnbc.com/opinion/msnbc-opinion/jon-stewart-daily-show-dnc-episode-rcna167981
"As RFK Jr. ends his 2024 presidential campaign, what happens now?",https://www.msnbc.com/rachel-maddow-show/maddowblog/rfk-jr-ends-2024-presidential-campaign-happens-now-rcna168007
RFK Jr.'s journey from Democrat to Republican shows how Covid scrambled politics,https://www.msnbc.com/opinion/msnbc-opinion/rfk-jr-drops-out-endorses-trump-president-election-2024-rcna167790
Democrats' 'joyful' convention this week made a huge misstep by sidelining pro-Palestinian voices,https://www.msnbc.com/top-stories/latest/dnc-gaza-kamala-harris-palestinian-uncommitted-rcna167950
Why Bill Clinton’s amazing statistic about jobs and Democrats matters,https://www.msnbc.com/rachel-maddow-show/maddowblog/bill-clintons-amazing-statistic-jobs-democrats-matters-rcna167977
"Friday’s Campaign Round-Up, 8.23.24",https://www.msnbc.com/rachel-maddow-show/maddowblog/fridays-campaign-82324-rcna167966
Kamala Harris' DNC acceptance speech didn't overlook the Supreme Court's significance,https://www.msnbc.com/deadline-white-house/deadline-legal-blog/kamala-harris-dnc-acceptance-speech-supreme-court-rcna167929
Former Trump spokesperson shares insight into how and why he lies,https://www.msnbc.com/rachel-maddow-show/maddowblog/former-trump-spokesperson-shares-insight-lies-rcna167953
Trump-owned club to host fundraiser for Jan. 6 rioters (again),https://www.msnbc.com/rachel-maddow-show/maddowblog/trump-owned-club-host-fundraiser-jan-6-rioters-rcna167937
Trump suffers unintentionally funny meltdown on DNC’s final night,https://www.msnbc.com/rachel-maddow-show/maddowblog/trump-suffers-unintentionally-funny-meltdown-dncs-final-night-rcna167928
"In convention speech, Kamala Harris succeeded where Trump failed",https://www.msnbc.com/rachel-maddow-show/maddowblog/convention-speech-kamala-harris-succeeded-trump-failed-rcna167918
The GOP’s racist attacks on Kamala Harris reveal a painful paradox for people like me,https://www.msnbc.com/opinion/msnbc-opinion/kamala-harris-black-indian-race-trump-rcna167777
This photo of Gus Walz was a teachable moment. Republicans missed it.,https://www.msnbc.com/opinion/msnbc-opinion/tim-walz-son-gus-dnc-crying-rcna167870
The Democratic and Republican conventions told very different stories,https://www.msnbc.com/opinion/msnbc-opinion/democratic-republican-conventions-differences-rcna167651
Kamala Harris wasn’t taking any chances in her DNC speech — but that’s why it worked,https://www.msnbc.com/opinion/msnbc-opinion/kamala-harris-acceptance-speech-dnc-democratic-convention-rcna167674
Highlights and analysis of Kamala Harris’ speech on the final day of the 2024 DNC,https://www.msnbc.com/politics/2024-election/live-blog/kamala-harris-speech-dnc-live-updates-rcna165595
DNC viewers just got Bey-fished,https://www.msnbc.com/top-stories/latest/beyonce-dnc-rumor-kamala-harris-rcna167895
Pink and her daughter don’t disappoint with DNC rallying cry ‘What About Us’,https://www.msnbc.com/top-stories/latest/pink-daughter-willow-dnc-performance-cry-rcna167888
"Thursday’s Mini-Report, 8.22.24",https://www.msnbc.com/rachel-maddow-show/maddowblog/thursdays-mini-report-82224-rcna167850
Why it matters that Kamala Harris has two white guys in her corner,https://www.msnbc.com/opinion/msnbc-opinion/kamala-harris-white-guys-doug-emhoff-tim-walz-rcna166670
The problem(s) with conspiracy theories about revised job data,https://www.msnbc.com/rachel-maddow-show/maddowblog/problems-conspiracy-theories-revised-job-data-rcna167837
Supreme Court partially grants GOP bid to enforce Arizona proof-of-citizenship voting law,https://www.msnbc.com/deadline-white-house/deadline-legal-blog/supreme-court-republican-rnc-arizona-voting-law-rcna167243
Kamala Harris needs to start talking about policing — for Sonya Massey’s sake,https://www.msnbc.com/opinion/msnbc-opinion/kamala-harris-policy-police-sonya-massey-dnc-rcna166753
"DNC 2024 speakers include Harris, Biden, Obama, Walz and more. See the list so far.",https://www.msnbc.com/top-stories/latest/dnc-speakers-list-2024-harris-obama-biden-walz-rcna167057
"Falling behind, Trump eyes personal attacks as a life-preserver",https://www.msnbc.com/rachel-maddow-show/maddowblog/donald-trump-kamala-harris-personal-attacks-election-2024-rcna167805
DNC video highlights what the election means for holding people accountable for Jan. 6,https://www.msnbc.com/deadline-white-house/deadline-legal-blog/dnc-january-6-video-trump-election-interference-rcna167787
"Thursday’s Campaign Round-Up, 8.22.24",https://www.msnbc.com/rachel-maddow-show/maddowblog/thursdays-campaign-82224-rcna167788
I worked for Kamala Harris. Here’s the biggest difference between her and Trump.,https://www.msnbc.com/opinion/msnbc-opinion/kamala-harris-trump-california-attorney-general-katie-porter-rcna167229
Trump pushes unconstitutional punishment for flag-burning at DNC protests,https://www.msnbc.com/deadline-white-house/deadline-legal-blog/trump-flag-burning-punishment-dnc-protests-rcna167749
Trump targets Shapiro as a ‘highly overrated Jewish Governor’,https://www.msnbc.com/rachel-maddow-show/maddowblog/trump-targets-shapiro-highly-overrated-jewish-governor-rcna167780
"Why Trump pointed to a made-up meeting between Harris, Putin",https://www.msnbc.com/rachel-maddow-show/maddowblog/trump-pointed-made-meeting-harris-putin-rcna167762
Trump’s odd pitch: ‘Our primary focus is not to get out the vote’,https://www.msnbc.com/rachel-maddow-show/maddowblog/trump-primary-focus-not-get-out-vote-election-2024-rcna167743
"Walz, Democrats claim the mantle of ‘freedom’ at convention",https://www.msnbc.com/rachel-maddow-show/maddowblog/walz-democrats-claim-mantle-freedom-convention-rcna167734
Tim Walz’s communal patriotism is a striking contrast to Trump's individualism,https://www.msnbc.com/opinion/msnbc-opinion/tim-walzs-dnc-speech-was-powerfully-patriotic-sincere-rcna167373
Kamala Harris made me feel seen when no one else looked,https://www.msnbc.com/opinion/msnbc-opinion/kamala-harris-made-feel-seen-no-one-else-looked-rcna167341
The Republican attack on Tim Walz over Tiananmen Square is almost unbelievable,https://www.msnbc.com/opinion/msnbc-opinion/tim-walz-china-trip-tiananmen-ron-johnson-rcna167552
Oprah Winfrey’s DNC speech was a surprise masterclass in patriotism,https://www.msnbc.com/opinion/msnbc-opinion/oprah-winfrey-dnc-speech-democratic-convention-rcna167688
Tim Walz’s emotional defense of fertility treatments matters to IVF babies like me,https://www.msnbc.com/opinion/msnbc-opinion/tim-walz-ivf-dnc-daughter-hope-wife-gwen-rcna167590
Eric Holder takes MSNBC inside Kamala Harris' VP vetting process,https://www.msnbc.com/top-stories/latest/eric-holder-vice-president-barack-obama-tim-walz-rcna167641
"RFK Jr. plans to drop bid for president and endorse Trump, sources tell NBC News",https://www.msnbc.com/top-stories/latest/rfk-jr-to-drop-presidential-race-trump-rcna167602
Here’s how Democrats have changed since the Bill Clinton era,https://www.msnbc.com/opinion/msnbc-opinion/democratic-party-dnc-bill-clinton-era-changes-rcna166669
"Wednesday’s Mini-Report, 8.21.24",https://www.msnbc.com/rachel-maddow-show/maddowblog/wednesdays-mini-report-82124-rcna167640
I worked in Trump’s White House. Here’s why I’m voting for Kamala Harris.,https://www.msnbc.com/opinion/msnbc-opinion/former-trump-white-house-staffer-olivia-troye-voting-kamala-harris-rcna167352
Donald Trump opened the door for Democrats to become the party of freedom,https://www.msnbc.com/morning-joe/morning-joe/dnc-democrats-republicans-freedom-abortion-rcna167585
FTC's worker noncompete rule blocked by Trump-appointed judge,https://www.msnbc.com/deadline-white-house/deadline-legal-blog/ftc-noncompete-rule-biden-texas-blocked-rcna167599
Barack Obama’s speech for Kamala Harris shows just how much things have changed,https://www.msnbc.com/opinion/msnbc-opinion/obamas-dnc-speech-reminds-us-kamala-harris-share-dont-rcna167612
Longtime Democratic Rep. Bill Pascrell dies at age 87,https://www.msnbc.com/rachel-maddow-show/maddowblog/longtime-democratic-rep-bill-pascrell-dies-age-87-rcna167611
"Trump campaign co-opts Beyoncé’s ‘Freedom,’ the Harris campaign’s anthem",https://www.msnbc.com/top-stories/latest/trump-campaign-beyonce-freedom-kamala-harris-rcna167576
What anxious parents of neurodivergent children can learn from Tim and Gwen Walz,https://www.msnbc.com/opinion/msnbc-opinion/tim-walz-children-gus-neurodivergent-rcna166748
Democrats' crunk-infused roll call featured all your favorite hits,https://www.msnbc.com/the-reidout/reidout-blog/dnc-roll-call-songs-playlist-rcna167529
Dems played Trump’s game better than he does on Night 2 of the DNC,https://www.msnbc.com/the-reidout/reidout-blog/night-2-dnc-obamas-pritzker-trump-roast-rcna167577
My dad taught me to love conventions. Now I'm worried for their future.,https://www.msnbc.com/opinion/msnbc-opinion/dad-love-dnc-trump-terrified-future-rcna167559
Trump’s interactions with Israel’s Netanyahu draw fresh scrutiny,https://www.msnbc.com/rachel-maddow-show/maddowblog/trumps-interactions-israels-netanyahu-draw-fresh-scrutiny-rcna167580
Doug Emhoff got personal about Harris and their blended family at the Democratic convention,https://www.msnbc.com/top-stories/latest/doug-emhoff-kamala-harris-democratic-national-convention-rcna167538
Was J6 a Precursor?,https://www.msnbc.com/msnbc-podcast/prosecuting-donald-trump/prosecuting-donald-trump-was-j6-precursor-rcna167581
Abortion is on the ballot in Arizona after state court ruling,https://www.msnbc.com/deadline-white-house/deadline-legal-blog/abortion-arizona-ballot-court-approves-rcna167534
Trump seems to think he has an airtight defense for visiting a KKK hotbed in Michigan,https://www.msnbc.com/the-reidout/reidout-blog/trump-howell-michigan-kkk-white-supremacists-rcna167460
"Wednesday’s Campaign Round-Up, 8.21.24",https://www.msnbc.com/rachel-maddow-show/maddowblog/wednesdays-campaign-82124-rcna167568
Republican voices make a splash at the Democratic convention,https://www.msnbc.com/rachel-maddow-show/maddowblog/republican-voices-make-splash-democratic-convention-rcna167558
"Reality gets in the way of Trump’s line on crime, law enforcement",https://www.msnbc.com/rachel-maddow-show/maddowblog/reality-gets-way-trumps-line-crime-law-enforcement-rcna167545
This AI chief says being over 50 is her secret weapon. Here’s why.,https://www.msnbc.com/know-your-value/career-growth/ai-chief-says-50-secret-weapon-s-rcna167493
"As Gaetz wins Florida primary, McCarthy’s ‘revenge tour’ falters",https://www.msnbc.com/rachel-maddow-show/maddowblog/gaetz-wins-florida-primary-mccarthys-revenge-tour-falters-rcna167527
"Barack, Michelle Obama cut Donald Trump down to size at DNC",https://www.msnbc.com/rachel-maddow-show/maddowblog/barack-michelle-obama-cut-donald-trump-size-dnc-rcna167516
"Tim Walz was my favorite teacher. He’ll be an exceptional vice president, too.",https://www.msnbc.com/opinion/msnbc-opinion/tim-walz-teacher-politics-kamala-harris-2024-election-rcna166464
Tim Walz once asked me an important question. It changed the course of my life.,https://www.msnbc.com/opinion/msnbc-opinion/tim-walz-teacher-writer-harris-2024-election-rcna166815
Tim Walz embodies the Midwestern values that conservatives never talk about,https://www.msnbc.com/opinion/msnbc-opinion/celebrate-tim-walz-midwestern-dad-memes-rcna167422
Donald Trump knew exactly what he was doing in Michigan,https://www.msnbc.com/opinion/msnbc-opinion/trump-howell-michigan-speech-crime-rcna167365
Michelle Obama understands the stakes in November. And she’s done pulling punches.,https://www.msnbc.com/opinion/msnbc-opinion/michelle-obama-dnc-speech-democratic-convention-rcna167484
Read Michelle Obama's full DNC speech,https://www.msnbc.com/top-stories/latest/read-michelle-obama-full-dnc-speech-rcna167490
Ella Emhoff is the stepdaughter that stepmoms like me have been waiting for,https://www.msnbc.com/opinion/msnbc-opinion/doug-emhoff-kids-ella-cole-kamala-harris-mom-rcna167470
Biden’s greatest gift to Kamala Harris is a united Democratic Party,https://www.msnbc.com/opinion/msnbc-opinion/dnc-biden-harris-speakers-sanders-aoc-clinton-rcna167360
Why Joe Biden's DNC speech was unlike anything we've seen before,https://www.msnbc.com/top-stories/latest/joe-biden-donald-trump-dnc-speech-contrast-rcna167406
"Tuesday’s Mini-Report, 8.20.24",https://www.msnbc.com/rachel-maddow-show/maddowblog/tuesdays-mini-report-82024-rcna167459
Could Taylor Swift sue Trump over his social media post?,https://www.msnbc.com/deadline-white-house/deadline-legal-blog/taylor-swift-sue-trump-truth-social-post-ai-rcna167380
Bob Menendez acquittal motion previews appeal issues in bribery case,https://www.msnbc.com/deadline-white-house/deadline-legal-blog/bob-menendez-motion-bribery-corruption-judge-rcna167425
The Harris-Walz campaign announces a big social media push,https://www.msnbc.com/the-reidout/reidout-blog/harris-walz-campaign-whatsapp-latinos-social-media-rcna167439
Wisconsin is becoming the tipping point for 2024. Here’s why I’m feeling hopeful.,https://www.msnbc.com/opinion/msnbc-opinion/wisconsin-2024-election-democrats-baldwin-rcna167201
Singer Chappell Roan's TikTok exposes the distressing impact of stan-dom,https://www.msnbc.com/top-stories/latest/chappell-roan-tiktok-fans-stalking-harassment-rcna167382
AOC once electrified the left. Now she electrifies the party establishment.,https://www.msnbc.com/opinion/msnbc-opinion/aoc-speech-dnc-gaza-left-rcna167346
Why the DNC already has Republicans scared,https://www.msnbc.com/morning-joe/morning-joe/democrats-dnc-republicans-patriotism-trump-harris-rcna167393
The most powerful moment of the DNC so far was also the most sickening,https://www.msnbc.com/opinion/msnbc-opinion/dnc-speaker-hadley-duvall-abortion-amanda-zurawski-rcna167413
Joe Biden couldn't let go of the past in his DNC speech,https://www.msnbc.com/opinion/msnbc-opinion/biden-speech-dnc-2024-past-harris-election-rcna167325
"Gaza, Israel loom large over the DNC, even if the speakers hardly talked about it",https://www.msnbc.com/top-stories/latest/gaza-dnc-protests-speeches-sidestep-israel-war-rcna167336
Will Trump keep his promise about releasing his medical records?,https://www.msnbc.com/rachel-maddow-show/maddowblog/will-trump-keep-promise-releasing-medical-records-rcna167411
Raphael Warnock gave Democrats a dire warning on Night 1 of the DNC,https://www.msnbc.com/the-reidout/reidout-blog/raphael-warnock-dnc-speech-2024-rcna167389
What Kamala Harris needs to say about Gaza at the Democratic convention,https://www.msnbc.com/opinion/msnbc-opinion/kamala-harris-gaza-dnc-biden-rcna166752
2024 electoral map gets a jolt: How many red states are in play?,https://www.msnbc.com/rachel-maddow-show/maddowblog/2024-electoral-map-gets-jolt-many-red-states-are-play-rcna167378
Disney drops its 'surreal' claim to keep a wrongful death suit out of court,https://www.msnbc.com/deadline-white-house/deadline-legal-blog/disney-plus-lawsuit-wrongful-death-subscription-rcna166618
"Tuesday’s Campaign Round-Up, 8.20.24",https://www.msnbc.com/rachel-maddow-show/maddowblog/tuesdays-campaign-82024-rcna167366
Even some Republicans are skeptical of Comer’s new 2024 crusades,https://www.msnbc.com/rachel-maddow-show/maddowblog/even-republicans-are-skeptical-comers-new-2024-crusades-rcna167353
The GOP’s offensive against Tim Walz takes a decidedly weird turn,https://www.msnbc.com/rachel-maddow-show/maddowblog/gops-offensive-tim-walz-takes-decidedly-weird-turn-rcna167343
The Georgia election board is rewriting election law,https://www.msnbc.com/rachel-maddow-show/maddowblog/georgia-election-board-grubbs-rule-rcna167241
Officials confirm: Iranian hackers breached Trump’s 2024 campaign,https://www.msnbc.com/rachel-maddow-show/maddowblog/officials-confirm-iranian-hackers-breached-trumps-2024-campaign-rcna167333
The feud continues: John Kelly rejects Trump’s Medal of Honor line,https://www.msnbc.com/rachel-maddow-show/maddowblog/feud-john-kelly-rejects-donald-trump-medal-honor-election-2024-rcna167321
Joe Biden didn’t just pass the torch at the DNC — he paid tribute to the future,https://www.msnbc.com/opinion/msnbc-opinion/joe-biden-dnc-speech-kamala-harris-rcna167174
Why Judge Merchan shouldn’t delay Trump’s New York sentencing,https://www.msnbc.com/opinion/msnbc-opinion/trump-sentencing-delay-merchan-alvin-bragg-manhattan-rcna167236
How Kamala Harris and Tim Walz are charting new territory in normcore,https://www.msnbc.com/opinion/msnbc-opinion/kamala-harris-doritos-tim-walz-normal-trump-weird-rcna167193
Why this Florida school literally threw LGBTQ-friendly books into a dumpster,https://www.msnbc.com/opinion/msnbc-opinion/florida-new-college-book-ban-lgbtq-gender-studies-rcna166845
Biden’s right that we need new innovations in cancer care. Here’s what we need more.,https://www.msnbc.com/opinion/msnbc-opinion/biden-cancer-moonshot-first-step-faces-challenges-rcna166604
"In effort to woo women voters, Trump employs blatant racism",https://www.msnbc.com/the-reidout/reidout-blog/trump-racism-truth-social-post-women-voters-rcna167264
Kamala Harris faces huge test on Gaza at DNC,https://www.msnbc.com/top-stories/latest/kamala-harris-dnc-test-israel-gaza-rcna167217
"Monday’s Mini-Report, 8.19.24",https://www.msnbc.com/rachel-maddow-show/maddowblog/mondays-mini-report-81924-rcna167263
Cornel West's campaign exposing right-wing trickery as it implodes,https://www.msnbc.com/the-reidout/reidout-blog/cornel-west-arizona-republicans-presidential-election-2024-rcna167252
Donald Trump says America is in decline. He couldn't be more wrong.,https://www.msnbc.com/morning-joe/morning-joe/donald-trump-america-decline-republicans-rcna167237
Former GOP Rep. George Santos pleads guilty in federal fraud case,https://www.msnbc.com/deadline-white-house/deadline-legal-blog/george-santos-pleads-guilty-federal-fraud-case-rcna167131
Harris and Walz are hitting Trump where it hurts: his masculinity,https://www.msnbc.com/the-reidout/reidout-blog/harris-rally-trump-masculinity-gender-attacks-rcna167214
"Kamala Harris isn’t done picking up support from GOP, conservatives",https://www.msnbc.com/rachel-maddow-show/maddowblog/kamala-harris-isnt-done-picking-support-gop-conservatives-rcna167223
How to watch the 2024 DNC as the events kick off in Chicago,https://www.msnbc.com/top-stories/latest/dnc-how-watch-chicago-2024-democratic-convention-rcna167197
Manhattan prosecutors leave it to Judge Merchan whether to delay Trump’s sentencing,https://www.msnbc.com/deadline-white-house/deadline-legal-blog/trump-sentencing-bragg-letter-merchan-rcna167165
Trump’s unsettling new question: ‘Why are we having an election?’,https://www.msnbc.com/rachel-maddow-show/maddowblog/trumps-unsettling-new-question-are-election-rcna167196
The head of Project 2025 called my kids' favorite playground 'anti-family',https://www.msnbc.com/opinion/msnbc-opinion/project-2025-swampoodle-dog-park-rcna166791
"Monday’s Campaign Round-Up, 8.19.24",https://www.msnbc.com/rachel-maddow-show/maddowblog/mondays-campaign-81924-rcna167181
Republicans’ anti-Biden impeachment report lands with a thud,https://www.msnbc.com/rachel-maddow-show/maddowblog/republicans-anti-biden-impeachment-report-lands-thud-rcna167172
Why Trump is ignoring Republican calls to focus on policy and issues,https://www.msnbc.com/rachel-maddow-show/maddowblog/trump-ignoring-republican-calls-focus-policy-issues-rcna167151
Flailing Within the Margin of Error,https://www.msnbc.com/msnbc-podcast/how-to-win/win-2024-flailing-margin-error-rcna167153
Trump taps two of his adult kids for presidential transition team,https://www.msnbc.com/rachel-maddow-show/maddowblog/trump-taps-two-adult-kids-presidential-transition-team-rcna167129
Indian wrestler Vinesh Phogat's Olympic medal bid is rejected,https://www.msnbc.com/deadline-white-house/deadline-legal-blog/india-wrestler-vinesh-phogat-medal-rejected-rcna166708
VFW slams Trump’s ‘asinine’ rhetoric about the Medal of Honor,https://www.msnbc.com/rachel-maddow-show/maddowblog/vfw-slams-trumps-asinine-rhetoric-medal-honor-rcna167119
Latest 2024 polls lead Trump campaign to concoct weird theories,https://www.msnbc.com/rachel-maddow-show/maddowblog/latest-2024-polls-lead-trump-campaign-concoct-weird-theories-rcna167113
Democrats are united and focused — for a change,https://www.msnbc.com/opinion/msnbc-opinion/democrats-united-dnc-election-new-energy-harris-walz-rcna166638
Why Beyoncé's 'Freedom' is the perfect campaign song for Kamala Harris,https://www.msnbc.com/opinion/msnbc-opinion/beyonce-kamala-harris-freedom-rcna166745
This year's DNC will be the opposite of 1968 thanks to a lesson learned the hard way,https://www.msnbc.com/opinion/msnbc-opinion/harris-walz-dnc-1968-convention-lesson-rcna166958
JD Vance isn’t helping Trump’s ticket. Removing him would be even worse.,https://www.msnbc.com/opinion/msnbc-opinion/jd-vance-isnt-helping-trumps-ticket-removing-even-worse-rcna167006
"Democrats party in Chicago, the city Republicans most love to hate",https://www.msnbc.com/opinion/msnbc-opinion/dnc-chicago-republicans-crime-rcna166573
My common thread with JD Vance’s Mamaw make his remarks cut extra deep,https://www.msnbc.com/opinion/msnbc-opinion/jd-vance-mamaw-postmenopausal-female-rcna166666
A 12-foot statue of Rep. John Lewis stands where Confederate monument used to be,https://www.msnbc.com/top-stories/latest/john-lewis-statue-confederate-monument-georgia-courthouse-rcna167027
JD Vance points to ‘Gangs of New York’ to back up claim that immigration leads to crime,https://www.msnbc.com/top-stories/latest/jd-vance-gangs-of-new-york-deportation-crime-rcna167012
House Oversight Chair James Comer opens investigation into Tim Walz,https://www.msnbc.com/top-stories/latest/james-comer-tim-walz-china-house-oversight-rcna167001
I’m a cancer survivor. Nassau County’s mask ban is a threat to my life.,https://www.msnbc.com/opinion/msnbc-opinion/nassau-county-bans-masks-endangers-vulnerable-residents-rcna166981
University of Florida students expose ex-President Ben Sasse's alleged spending spree,https://www.msnbc.com/top-stories/latest/ben-sasse-university-of-florida-expenses-desantis-rcna166943
Why Kamala Harris' DNC will be different,https://www.msnbc.com/inside-with-jen-psaki/kamala-harris-democratic-convention-different-rcna166960
Elon Musk was right to tell E.U. regulators to buzz off,https://www.msnbc.com/opinion/msnbc-opinion/elon-musk-x-trump-eu-regulators-censorship-rcna166619
I campaigned for Bernie Sanders. Kamala Harris is no socialist.,https://www.msnbc.com/opinion/msnbc-opinion/kamala-harris-not-a-socialist-rcna166637
Why arresting Matthew Perry's alleged drug suppliers won't solve anything,https://www.msnbc.com/opinion/msnbc-opinion/matthew-perry-drug-charges-ketamine-death-rcna166959
Why Kimberly Cheatle’s journey from Secret Service director to protectee isn’t shocking,https://www.msnbc.com/rachel-maddow-show/maddowblog/kimberly-cheatle-protected-by-secret-service-rcna166980
RFK Jr. clearly has something Trump wants,https://www.msnbc.com/the-reidout/reidout-blog/trump-seems-desperate-rfk-jrs-endorsement-harris-care-less-rcna166949
Read: Donald Trump's 2024 financial disclosure documents,https://www.msnbc.com/top-stories/latest/read-trump-financial-disclosure-documents-pdf-rcna166929
Leaked videos show how Trump’s allies plan to equate abortion with murder,https://www.msnbc.com/opinion/msnbc-opinion/project-2025-training-videos-abortion-trump-rcna166924
Oklahoma doesn't want to execute Richard Glossip. The Supreme Court might force it anyway.,https://www.msnbc.com/deadline-white-house/deadline-legal-blog/richard-glossip-execution-supreme-court-oklahoma-death-row-rcna166928
Judge suspended after putting a teen in handcuffs for sleeping in court during a field trip,https://www.msnbc.com/top-stories/latest/detroit-judge-teen-handcuffs-sleeping-kenneth-king-rcna166921
Trump's New Jersey news conference was just another act of self-sabotage,https://www.msnbc.com/top-stories/latest/donald-trump-economy-message-republicans-inflation-rcna166935
"To scare voters, Trump is making up claims about migrants finding jobs",https://www.msnbc.com/the-reidout/reidout-blog/trump-immigration-rhetoric-crime-rcna166930
This tech founder launched an elite VC firm after being told venture capital was ‘a young man’s game’,https://www.msnbc.com/know-your-value/career-growth/tech-founder-launched-elite-vc-firm-told-venture-capital-was-young-man-rcna166934
Four Ring Circus,https://www.msnbc.com/msnbc-podcast/prosecuting-donald-trump/prosecuting-donald-trump-four-ring-circus-rcna166933
Trump says civilian Medal of Freedom is 'much better' than Medal of Honor,https://www.msnbc.com/top-stories/latest/trump-service-members-military-medal-of-honor-rcna166891
Trump's immunity remark could be vindicated by the Supreme Court,https://www.msnbc.com/deadline-white-house/deadline-legal-blog/trump-immunity-new-york-sentencing-supreme-court-rcna166886
The 7 things Democrats need to do ASAP if they win in November,https://www.msnbc.com/opinion/msnbc-opinion/democrat-to-do-if-win-november-election-rcna166613
Kamala Harris isn’t just listening to workers. She’s sounding like them.,https://www.msnbc.com/opinion/msnbc-opinion/harris-walz-campaign-workers-movements-rcna166623
Trump likes to act tough. Harris is proving her strength.,https://www.msnbc.com/opinion/msnbc-opinion/trump-harris-tough-guy-act-crime-immigration-rcna166804
A secret video shows Project 2025 is still at the heart of a potential second Trump term,https://www.msnbc.com/opinion/msnbc-opinion/trump-project-2025-executive-orders-rcna166767
I wanted to impeach Oklahoma’s school chief last year. Now some Republicans do too.,https://www.msnbc.com/opinion/msnbc-opinion/oklahoma-bible-public-school-mandate-rcna166602
Here’s a message for JD Vance from two ‘postmenopausal’ women,https://www.msnbc.com/opinion/msnbc-opinion/jd-vance-trump-women-menopause-rcna166808
Donald Trump was right: The economy does do better under Democrats,https://www.msnbc.com/the-reidout/reidout-blog/kamala-harris-donald-trump-economy-inflation-rcna166795
Down-ballot Republicans will suffer under Donald Trump — and it's their own fault,https://www.msnbc.com/top-stories/latest/donald-trump-down-ballot-republicans-agenda-rcna166786
Donald Trump is teetering on the edge,https://www.msnbc.com/top-stories/latest/donald-trump-losing-control-kamala-harris-rcna166730
Trump flunks basic science yet again in speech insulting Harris' intelligence,https://www.msnbc.com/the-reidout/reidout-blog/trump-north-carolina-speech-smart-rcna166779
Harris — like Trump — wants to stop taxing tips. That’s a bad idea.,https://www.msnbc.com/opinion/msnbc-opinion/kamala-harris-economic-plan-leave-one-ill-advised-strategy-rcna166782
Michael Cohen's Supreme Court appeal is a long shot. These experts just explained why it's still important.,https://www.msnbc.com/deadline-white-house/deadline-legal-blog/michael-cohen-supreme-court-appeal-amicus-brief-rcna166721
"Donald Trump seeks to delay New York sentencing, citing immunity ruling",https://www.msnbc.com/deadline-white-house/deadline-legal-blog/donald-trump-ny-hush-money-sentencing-delay-rcna166750
Subscriber Exclusive: Supreme Court Reform with Steve Vladeck,https://www.msnbc.com/msnbc-podcast/prosecuting-donald-trump/proecuting-donald-trump-supreme-court-reform-with-steve-vladeck-rcna166754
The Ball is Back in Chutkan’s Court,https://www.msnbc.com/msnbc-podcast/prosecuting-donald-trump/prosecuting-donald-trump-the-ball-is-back-in-chutkans-court-rcna166749
This Trump campaign post revives a racist American tradition,https://www.msnbc.com/the-reidout/reidout-blog/trump-war-room-tweet-racist-rcna166639
Democrats need to rethink their strategies about young voters,https://www.msnbc.com/opinion/msnbc-opinion/young-voters-are-not-nearly-radical-made-rcna165771
Why Harris’ polls performance might be more than a ‘honeymoon’,https://www.msnbc.com/opinion/msnbc-opinion/election-2024-trump-harris-swing-states-poll-numbers-rcna166610
The Marion newspaper raid highlights the bravery of small-town journalists,https://www.msnbc.com/opinion/msnbc-opinion/kansas-newspaper-getting-justice-illegal-police-raid-rcna166409
Republicans are stuck with Donald Trump,https://www.msnbc.com/top-stories/latest/republicans-stuck-donald-trump-democrats-rcna166597
The GOP war on abortion has only led to higher abortion rates,https://www.msnbc.com/opinion/msnbc-opinion/rising-abortion-rates-post-roe-policies-rcna166577
Donald Trump's anti-worker rhetoric could help Kamala Harris win the White House,https://www.msnbc.com/top-stories/latest/trump-musk-harris-walz-union-workers-rcna166617
The familiar trap Kamala Harris needs to avoid to defeat Donald Trump,https://www.msnbc.com/top-stories/latest/kamala-harris-avoid-democrats-trap-donald-trump-rcna166590
MAGA podcaster Royce White's primary win is disastrous for Minnesota Republicans,https://www.msnbc.com/the-reidout/reidout-blog/royce-white-republican-minnesota-senate-primary-win-rcna166607
Is the Harris-Walz campaign making political merch great again?,https://www.msnbc.com/opinion/msnbc-opinion/kamala-harris-tim-walz-camo-hat-rcna166260
Lawyers are rarely kicked off cases. This pro-Trump one just was.,https://www.msnbc.com/deadline-white-house/deadline-legal-blog/judge-removes-pro-trump-lawyer-dominion-lawsuit-rcna166552
Rep. Ilhan Omar wins primary race after two 'Squad' members' defeats,https://www.msnbc.com/top-stories/latest/ilhan-omar-primary-minnesota-squad-israel-gaza-rcna166550
Judge Merchan rejects Trump’s recusal bid — again — ahead of sentencing,https://www.msnbc.com/deadline-white-house/deadline-legal-blog/judge-merchan-trump-recusal-rejection-rcna166190
Trump campaign downplays travel on Jeffrey Epstein’s old plane,https://www.msnbc.com/the-reidout/reidout-blog/trump-campaign-jeffrey-epstein-old-plane-rcna166462
Time is money and Joe Biden’s trying to help Americans waste less of both,https://www.msnbc.com/opinion/msnbc-opinion/joe-biden-business-policy-election-2024-time-is-money-rcna166397
What the Jarren Duran suspension tells us about MLB’s struggles with homophobia,https://www.msnbc.com/opinion/msnbc-opinion/mlb-boston-jarren-duran-suspension-baseball-lgbtq-rcna166474
"I don’t live in Minnesota. But thanks to Tim Walz, my life-saving OB-GYN does.",https://www.msnbc.com/opinion/msnbc-opinion/tim-walz-minnesota-abortion-south-dakota-doctor-rcna166308
Judge Reed O'Connor recuses himself from Elon Musk's advertiser lawsuit,https://www.msnbc.com/deadline-white-house/deadline-legal-blog/elon-musk-reed-oconnor-recusal-advertiser-lawsuit-rcna166437
North Carolina Republican candidates are breaking the 'crazy meter',https://www.msnbc.com/rachel-maddow-show/maddowblog/north-carolina-republicans-candidates-robinson-morrow-rcna166440
Kamala Harris' new ad is a pitch-perfect response to Donald Trump's attacks,https://www.msnbc.com/morning-joe/morning-joe/kamala-harris-immigration-record-donald-trump-rcna166421
JD Vance uses his wife to whitewash Trump’s white supremacist problem,https://www.msnbc.com/the-reidout/reidout-blog/jd-vance-usha-trump-white-supremacist-nick-fuentes-rcna166282
Roger Stone says his email accounts were how the hackers got into the Trump campaign,https://www.msnbc.com/the-reidout/reidout-blog/roger-stone-email-hack-trump-campaign-rcna166422
I’m a Republican strategist. Here’s how Trump is tanking his own campaign.,https://www.msnbc.com/opinion/msnbc-opinion/trump-campaign-race-against-kamala-harris-biggest-opponent-rcna166373
5th Circuit says 'geofence' warrants violate the Fourth Amendment,https://www.msnbc.com/deadline-white-house/deadline-legal-blog/geofence-warrant-fourth-amendment-fifth-circuit-rcna166370
Why Elon Musk’s hugely hyped X talk with Trump was so disappointing,https://www.msnbc.com/opinion/msnbc-opinion/trump-elon-musk-x-interview-zero-surprises-zero-appeal-rcna166309
Republicans go to Supreme Court in bid to enforce Arizona voting law,https://www.msnbc.com/deadline-white-house/deadline-legal-blog/republicans-supreme-court-arizona-voter-registration-law-rcna166267
RFK Jr.'s campaign is in decline. It could still be decisive on Election Day.,https://www.msnbc.com/opinion/msnbc-opinion/rfk-jr-trump-harris-third-party-election-rogan-rcna166263
Trump is letting Vance do the heavy lifting. That could backfire.,https://www.msnbc.com/opinion/msnbc-opinion/jd-vance-trump-campaign-events-rcna166236
How Project 2025 plans to reshape the American family,https://www.msnbc.com/top-stories/latest/project-2025-reshape-family-christian-nationalism-trump-rcna166276
Republican candidate in North Carolina called for a Trump coup on Jan. 6,https://www.msnbc.com/the-reidout/reidout-blog/north-carolina-republican-trump-coup-michele-morrow-rcna166281
Olympians giving their all for the U.S. should get more in return,https://www.msnbc.com/opinion/msnbc-opinion/paris-olympics-healthcare-tiktok-ariana-ramsey-rcna166059
Debunking Trump's claim that the presidency was 'taken away' from Joe Biden,https://www.msnbc.com/top-stories/latest/donald-trump-stolen-election-joe-biden-kamala-harris-fact-check-rcna166247
Trump cites Judge Cannon in seeking compensation for the Mar-a-Lago search,https://www.msnbc.com/deadline-white-house/deadline-legal-blog/trump-legal-filing-mar-a-lago-damages-rcna166222
We have more questions than answers about Trump campaign’s hack claim,https://www.msnbc.com/opinion/msnbc-opinion/iran-hacking-trump-campaign-jd-vance-rcna166162
Trump's false claims about A.I. crowd photos are incredibly ironic,https://www.msnbc.com/the-reidout/reidout-blog/trump-ai-photos-harris-crowd-false-claims-rcna166229
"‘And really, THAT song?’: Céline Dion rebukes Trump’s use of ‘Titanic’ anthem",https://www.msnbc.com/top-stories/latest/celine-dion-titanic-song-trump-rally-rcna166211
Mac n’ Cheese and a Trip to the Hardware Store,https://www.msnbc.com/msnbc-podcast/how-to-win/win-2024-mac-n-cheese-trip-hardware-store-rcna166202
Republicans’ 2024 case has three pillars. All three are collapsing.,https://www.msnbc.com/opinion/msnbc-opinion/trump-harris-2024-election-inflation-immigration-crime-rcna165773
Brittney Griner’s Olympic story is a real-life hero’s journey,https://www.msnbc.com/opinion/msnbc-opinion/brittney-griner-gold-medal-basketball-team-usa-rcna165817
"Housekeeping Note, 8.11.24",https://www.msnbc.com/rachel-maddow-show/maddowblog/housekeeping-note-81124-rcna166125
It’s obvious Republicans have no idea what to do about Tim Walz,https://www.msnbc.com/opinion/msnbc-opinion/tim-walz-extremist-trump-maga-popular-rcna165895
Why volleyball was one of the Paris Olympics' most underrated events,https://www.msnbc.com/opinion/msnbc-opinion/usa-vs-france-olympic-volleyball-primetime-paris-rcna165993
Trump back in the White House would be very bad for the bears,https://www.msnbc.com/opinion/msnbc-opinion/project-2025-endangered-species-grizzly-bears-gray-wolves-rcna164898
"In his helicopter story, Trump may have confused Willie Brown with another Black politician",https://www.msnbc.com/top-stories/latest/trump-helicopter-willie-brown-nate-holden-rcna166097
Jordan Chiles may lose Olympic bronze in floor exercise after sport court ruling,https://www.msnbc.com/top-stories/latest/jordan-chiles-bronze-floor-exercise-appeal-romanians-rcna166093
What’s behind the incredible turnaround of the U.S. women’s soccer team,https://www.msnbc.com/opinion/msnbc-opinion/us-womens-soccer-brazil-olympics-soccer-final-rcna165777
Chris LaCivita sunk John Kerry's presidential campaign. Now he's trying to 'Swift-boat' Tim Walz.,https://www.msnbc.com/top-stories/latest/chris-lacivita-donald-trump-swift-boat-tim-walz-rcna166020
JD Vance is a bad nerd,https://www.msnbc.com/opinion/msnbc-opinion/jd-vance-nerd-magic-gathering-rcna165881
Elon Musk sues his critics into silence. So much for ‘free speech.’,https://www.msnbc.com/opinion/msnbc-opinion/elon-musk-x-advertisers-lawsuit-social-media-rcna165605
Joe Rogan broke MAGA world’s heart with his RFK Jr. support,https://www.msnbc.com/the-reidout/reidout-blog/trump-joe-rogan-rfk-jr-maga-rcna166033
Trump’s hopes in Arizona could be dimming. Here’s why.,https://www.msnbc.com/the-reidout/reidout-blog/trump-arizona-2024-election-harris-rcna166027
Donald Trump’s Mar-a-Lago news conference simply wasn’t normal,https://www.msnbc.com/opinion/msnbc-opinion/trump-news-conference-lies-unfit-rcna165885
"Friday’s Mini-Report, 8.9.24",https://www.msnbc.com/rachel-maddow-show/maddowblog/fridays-mini-report-8924-rcna166032
There are no trans women athletes at the Paris Olympics. So bigots manufactured them.,https://www.msnbc.com/opinion/msnbc-opinion/olympics-boxer-imane-khelif-anti-trans-rcna164721
"Why pro-Palestinian protesters are going after Kamala Harris, not Donald Trump",https://www.msnbc.com/top-stories/latest/harris-gaza-israel-protests-obama-dreamers-rcna166006
Mike Lindell company must pay attorney fees in 'Prove Mike Wrong' case,https://www.msnbc.com/deadline-white-house/deadline-legal-blog/lindell-mypillow-attorney-fees-prove-mike-wrong-rcna166007
MAGA influencers say Trump is on track to lose the election,https://www.msnbc.com/the-reidout/reidout-blog/trump-election-laura-loomer-nick-fuentes-maga-rcna166003
Why isn’t Donald Trump spending more time on the campaign trail?,https://www.msnbc.com/rachel-maddow-show/maddowblog/isnt-donald-trump-spending-time-campaign-trail-rcna166022
Tim Walz deserves better than Team Trump's 'stolen valor' smears,https://www.msnbc.com/opinion/msnbc-opinion/tim-walz-military-record-vance-trump-stolen-valor-rcna165978
"On abortion rights, Trump keeps creating opportunities for Dems",https://www.msnbc.com/rachel-maddow-show/maddowblog/abortion-rights-trump-keeps-creating-opportunities-dems-rcna166008
Indian wrestler Vinesh Phogat appeals weight disqualification ahead of gold medal match,https://www.msnbc.com/deadline-white-house/deadline-legal-blog/vinesh-phogat-appeal-disqualified-weight-olympics-rcna165964
Jack Smith seeks more time for planning after immunity ruling,https://www.msnbc.com/deadline-white-house/deadline-legal-blog/jack-smith-trump-delay-chutkan-immunity-rcna165928
Donald Trump and JD Vance are failing America's favorite political test,https://www.msnbc.com/the-reidout/reidout-blog/trump-vance-harris-walz-beer-question-rcna165834
"On Harris’ racial identity, Trump apparently can’t help himself",https://www.msnbc.com/rachel-maddow-show/maddowblog/harris-racial-identity-trump-apparently-cant-help-rcna165982
"Friday’s Campaign Round-Up, 8.9.24",https://www.msnbc.com/rachel-maddow-show/maddowblog/fridays-campaign-8924-rcna165973
"In the debate over the debates, Trump blinks under pressure",https://www.msnbc.com/rachel-maddow-show/maddowblog/debate-debates-trump-blinks-pressure-rcna165960
Trump doesn’t recall Jan. 6 and the transition of power as well as he should,https://www.msnbc.com/rachel-maddow-show/maddowblog/trump-doesnt-recall-jan-6-transition-power-well-rcna165950
"On Biden’s retirement, Trump flubs meaning of ‘unconstitutional’",https://www.msnbc.com/rachel-maddow-show/maddowblog/joe-biden-retirement-trump-flubs-unconstitutional-election-2024-rcna165935
"On targeting Hillary Clinton, Trump isn’t done rewriting history",https://www.msnbc.com/rachel-maddow-show/maddowblog/targeting-hillary-clinton-trump-isnt-done-rewriting-history-rcna165924
Georgia’s election board is out of control. Can anything be done?,https://www.msnbc.com/rachel-maddow-show/maddowblog/georgia-election-board-trump-2020-fulton-county-rcna165670
Why Tim Walz’s progressive policies appeal to both urban and rural America,https://www.msnbc.com/opinion/msnbc-opinion/tim-walz-harris-progressive-policies-minnesota-rcna165883
Donald Trump is struggling,https://www.msnbc.com/opinion/msnbc-opinion/trump-news-conference-kamabla-harris-rcna165636
Trump and his allies are previewing their election sabotage plan in Georgia,https://www.msnbc.com/opinion/msnbc-opinion/georgia-election-board-trump-certification-rcna165784
Debunking the GOP's lies about Tim Walz's military record,https://www.msnbc.com/top-stories/latest/fact-check-walz-military-record-swift-boat-rcna165863
Pro-Trump Republicans should think twice about ridiculing ‘Tampon Tim’,https://www.msnbc.com/opinion/msnbc-opinion/tampon-tim-walz-social-media-trump-team-rcna165810
Desperate right-wingers accuse Tim Walz of being 'anti-white',https://www.msnbc.com/the-reidout/reidout-blog/tim-walz-right-wing-attacks-anti-white-rcna165876
"Thursday’s Mini-Report, 8.8.24",https://www.msnbc.com/rachel-maddow-show/maddowblog/thursdays-mini-report-8824-rcna165874
Packed Harris-Walz campaign rallies likely to rattle crowd-size-obsessed Trump,https://www.msnbc.com/morning-joe/morning-joe/trump-vance-harris-walz-crowd-size-rcna165823
What special counsel David Weiss wants to show at Hunter Biden's tax trial,https://www.msnbc.com/deadline-white-house/deadline-legal-blog/hunter-biden-tax-trial-california-rcna165819
JD Vance’s texting relationship with fringe voice comes into view,https://www.msnbc.com/rachel-maddow-show/maddowblog/jd-vances-texting-relationship-fringe-voice-comes-view-rcna165866
Harris found a pitch-perfect response to the 'lock him up' chants at her rallies,https://www.msnbc.com/the-reidout/reidout-blog/harris-lock-him-up-chants-rallies-rcna165822
Noah Lyles cried in Tokyo. Here’s why he’s smiling so big in Paris.,https://www.msnbc.com/opinion/msnbc-opinion/rooting-noah-lyles-win-200m-mens-final-paris-rcna165272
Trump’s ‘drill baby drill’ plan: The wrong answer to the right questions,https://www.msnbc.com/rachel-maddow-show/maddowblog/trumps-drill-baby-drill-plan-wrong-answer-right-questions-rcna165805
Challenge to Walz-signed voting rights law rejected by Minnesota Supreme Court,https://www.msnbc.com/deadline-white-house/deadline-legal-blog/walz-voting-rights-minnesota-supreme-court-rcna165762
Louisiana officials defend the Ten Commandments by cheapening them,https://www.msnbc.com/opinion/msnbc-opinion/louisiana-ten-commandments-law-school-posters-rcna165440
"Thursday’s Campaign Round-Up, 8.8.24",https://www.msnbc.com/rachel-maddow-show/maddowblog/thursdays-campaign-8824-rcna165795
"Flunking self-awareness again, Trump bemoans ‘Pro Criminal Atmosphere’",https://www.msnbc.com/rachel-maddow-show/maddowblog/flunking-self-awareness-trump-bemoans-criminal-atmosphere-rcna165785
"Trump, Vance pick a fight over antisemitism they can’t win",https://www.msnbc.com/rachel-maddow-show/maddowblog/trump-vance-pick-fight-antisemitism-cant-win-rcna165767
"On possible vice presidential debate, Vance has a Trumpian answer",https://www.msnbc.com/rachel-maddow-show/maddowblog/possible-presidential-debate-vance-trumpian-answer-rcna165759
"It’s not just birtherism making a comeback, so is Swift-boating",https://www.msnbc.com/rachel-maddow-show/maddowblog/birtherism-swift-boating-election-2024-trump-vance-walz-military-rcna165748
Tim Walz is the political ally trans people need and deserve,https://www.msnbc.com/opinion/msnbc-opinion/tim-walz-political-ally-lgbtq-voters-rcna165372
Tim Walz is giving MAGA a master class in manhood,https://www.msnbc.com/the-reidout/reidout-blog/tim-walz-manhood-masculinity-trump-maga-rcna165649
What Josh Shapiro should do now,https://www.msnbc.com/opinion/msnbc-opinion/kamala-harris-tim-walz-josh-shapiro-vp-pennsylvania-support-rcna165578
How Tim Walz went from an 'A' NRA rating to the gun lobby's worst nightmare,https://www.msnbc.com/top-stories/latest/tim-walz-nra-gun-control-evolution-2024-rcna165589
"Wednesday’s Mini-Report, 8.7.24",https://www.msnbc.com/rachel-maddow-show/maddowblog/wednesdays-mini-report-8724-rcna165634
Why Trump hasn't been charged in the Arizona 2020 fake electors case,https://www.msnbc.com/deadline-white-house/deadline-legal-blog/trump-fake-electors-arizona-2020-rcna165584
Georgia’s elections board just made it easier for Trump loyalists to delay the certification of votes,https://www.msnbc.com/the-reidout/reidout-blog/georgia-election-board-trump-loyalists-votes-rcna165583
Bitter Trump-Vance campaign is no match for Harris-Walz joy,https://www.msnbc.com/morning-joe/morning-joe/kamala-harris-tim-walz-donald-trump-campaign-rally-contrast-2024-rcna165574
Trump picks a nickname for Harris that no one seems to understand,https://www.msnbc.com/rachel-maddow-show/maddowblog/donald-trump-nickname-kamala-harris-kamabla-no-one-understands-rcna165602
Harris plays it safe with Walz pick,https://www.msnbc.com/opinion/msnbc-opinion/kamala-harris-choice-tim-walz-vp-anti-trump-republicans-rcna165596
"Pressed on Ten Commandments displays, Louisiana governor gives bad advice",https://www.msnbc.com/rachel-maddow-show/maddowblog/pressed-ten-commandments-displays-louisiana-gov-gives-bad-advice-rcna165571
Assault weapons ruling raises possible Supreme Court guns test,https://www.msnbc.com/deadline-white-house/deadline-legal-blog/maryland-assault-weapons-ban-supreme-court-rcna165524
"Wednesday’s Campaign Round-Up, 8.7.24",https://www.msnbc.com/rachel-maddow-show/maddowblog/wednesdays-campaign-8724-rcna165563
Rep. Cori Bush loses her primary after pro-Israel group poured millions into race to defeat her,https://www.msnbc.com/top-stories/latest/cori-bush-primary-wesley-bell-israel-aipac-rcna165509
"In new suit, Musk’s X accuses advertisers of boycotting platform after Twitter takeover",https://www.msnbc.com/rachel-maddow-show/maddowblog/new-suit-musks-x-accuses-advertisers-boycotting-platform-twitter-takeo-rcna165550
Arizona’s fake electors scandal intensifies in unexpected ways,https://www.msnbc.com/rachel-maddow-show/maddowblog/arizonas-fake-electors-scandal-intensifies-unexpected-ways-rcna165536
FBI seizes GOP Rep. Andy Ogles’ phone as part of ongoing probe,https://www.msnbc.com/rachel-maddow-show/maddowblog/fbi-seizes-gop-rep-andy-ogles-phone-part-ongoing-probe-rcna165527
"Increasingly desperate, Trump wants Biden to return to 2024 race",https://www.msnbc.com/rachel-maddow-show/maddowblog/desperate-donald-trump-wants-joe-biden-return-2024-race-election-rcna165508
Glenn Youngkin downplays Trump’s mass firing plan,https://www.msnbc.com/the-reidout/reidout-blog/glenn-youngkin-trump-mass-firing-project-2025-rcna165470
The biggest difference between Tim Walz and JD Vance,https://www.msnbc.com/opinion/msnbc-opinion/tim-walz-kamala-harris-rural-voters-rcna165344
Trump can’t take a joke. Democrats need to use that.,https://www.msnbc.com/opinion/msnbc-opinion/trump-jd-vance-tim-walz-weird-maga-authoritarians-rcna164669
Vontelle eyewear founders on why ‘your network is your net worth’,https://www.msnbc.com/know-your-value/career-growth/vontelle-eyewear-founders-network-net-rcna165331
The U.S. can’t figure out how to actually help Venezuela’s opposition,https://www.msnbc.com/opinion/msnbc-opinion/venezuela-election-us-policy-reaction-rcna165448
Musk joins Jim Jordan's war on free enterprise with new lawsuit,https://www.msnbc.com/the-reidout/reidout-blog/elon-musk-lawsuit-jim-jordan-war-advertisers-rcna165447
"The stock market rallied, but the economy isn’t out of the woods yet",https://www.msnbc.com/opinion/msnbc-opinion/stock-market-federal-reserve-interest-rates-inflation-rcna165210
Virginia man is accused of making death threats against Kamala Harris,https://www.msnbc.com/top-stories/latest/kamala-harris-death-threats-virginia-man-gettr-rcna165430
The Tim Walz pick is a win for economic populism,https://www.msnbc.com/opinion/msnbc-opinion/tim-walz-kamala-harris-vp-populism-rcna165343
Trump's initial response to Harris picking Walz is quite telling,https://www.msnbc.com/top-stories/latest/trump-reaction-harris-walz-vp-pick-rcna165358
"Tuesday’s Mini-Report, 8.6.24",https://www.msnbc.com/rachel-maddow-show/maddowblog/tuesdays-mini-report-8624-rcna165465
What Jenna Ellis cooperating with prosecutors in Arizona’s ‘fake electors’ case means,https://www.msnbc.com/deadline-white-house/deadline-legal-blog/jenna-ellis-arizona-fake-electors-case-cooperation-rcna165359
Trump dances for votes in awkward effort to win young supporters,https://www.msnbc.com/the-reidout/reidout-blog/trump-adin-ross-interview-youth-outreach-rcna165419
'Hillbilly Elegy' vs. a real hillbilly: Tim Walz is the perfect contrast to JD Vance,https://www.msnbc.com/top-stories/latest/walz-vance-harris-trump-ticket-contrast-rcna165405
Harris chose a running mate. Trump got weirder.,https://www.msnbc.com/opinion/msnbc-opinion/trump-adin-ross-tim-walz-weird-rcna165192
"Report on Trump, Egypt, and $10 million sparks key questions",https://www.msnbc.com/rachel-maddow-show/maddowblog/report-trump-egypt-10-million-sparks-key-questions-rcna165423
Tim Walz knows exactly how Republicans will attack him. And how to counter.,https://www.msnbc.com/opinion/msnbc-opinion/minnesota-republicans-attacks-on-walz-future-gop-strategies-rcna165368
The Harris-Walz ticket could make history in an unexpected way,https://www.msnbc.com/top-stories/latest/peggy-flanagan-minnesota-first-native-american-woman-governor-rcna165380
"On governing experience, Tim Walz tops JD Vance (by a wide margin)",https://www.msnbc.com/rachel-maddow-show/maddowblog/governing-experience-tim-walz-tops-jd-vance-election-2024-trump-harris-rcna165394
"6 things to know about Tim Walz, Kamala Harris' pick for running mate",https://www.msnbc.com/top-stories/latest/kamala-harris-vice-president-pick-tim-walz-what-know-rcna165337
"Like Kamala Harris, my name has been mispronounced my whole life. Here’s how I reclaimed it.",https://www.msnbc.com/know-your-value/career-growth/kamala-harris-name-mispronounced-whole-life-s-reclaimed-rcna165347
"Tuesday’s Campaign Round-Up, 8.6.24",https://www.msnbc.com/rachel-maddow-show/maddowblog/tuesdays-campaign-8624-rcna165381
Don’t believe the naysayers — Tim Walz is an asset to the Harris campaign,https://www.msnbc.com/morning-joe/morning-joe/tim-walz-kamala-harris-moderate-progressive-pick-2024-rcna165354
"Targeting Tim Walz, Team Trump flunks a test of self-awareness",https://www.msnbc.com/rachel-maddow-show/maddowblog/targeting-tim-walz-team-trump-flunks-test-self-awareness-rcna165373
Trump targets one of the few remaining Impeachment 10 members,https://www.msnbc.com/rachel-maddow-show/maddowblog/trump-targets-one-remaining-impeachment-10-members-rcna165365
Time will tell if Kamala Harris made the right choice by picking Tim Walz,https://www.msnbc.com/opinion/msnbc-opinion/tim-walz-kamala-harris-running-mate-pick-history-rcna164961
Kamala Harris picks Tim Walz as her running mate in bid for must-win states,https://www.msnbc.com/top-stories/latest/kamala-harris-picks-tim-walz-vp-running-mate-rcna164315
Why the Jan. 6 'QAnon Shaman' can get his spear and helmet back,https://www.msnbc.com/deadline-white-house/deadline-legal-blog/qanon-shaman-spear-helmet-jan-6-rcna165223
"Harris taps Tim Walz, the one Democrat who checked every box",https://www.msnbc.com/rachel-maddow-show/maddowblog/harris-taps-tim-walz-democrat-running-mate-ticket-election-2024-rcna165339
I didn’t vote for Tim Walz originally. Now I’m completely Walz-pilled.,https://www.msnbc.com/opinion/msnbc-opinion/tim-walz-kamala-harris-vp-pick-minnesota-rcna164157
GOP insider: Trump’s anti-Harris messaging reflects a ‘nervous breakdown’,https://www.msnbc.com/rachel-maddow-show/maddowblog/donald-trump-kamala-harris-nervous-breakdown-election-2024-rcna165324
The most confounding similarity between Elon Musk and Donald Trump,https://www.msnbc.com/opinion/msnbc-opinion/elon-musk-election-2024-donald-trump-rcna165219
Why the Sept. 10 debate is shaping up to be a win-win for Kamala Harris,https://www.msnbc.com/opinion/msnbc-opinion/trump-debate-harris-kamala-sept-fox-rcna165178
Kamala Harris is getting the thing Donald Trump always craves: attention,https://www.msnbc.com/top-stories/latest/kamala-harris-donald-trump-games-attacks-attention-rcna165254
I've run for public office. Kamala Harris is exactly the kind of candidate voters want.,https://www.msnbc.com/top-stories/latest/kamala-harris-trump-attacks-future-legacy-rcna165207
"Monday’s Mini-Report, 8.5.24",https://www.msnbc.com/rachel-maddow-show/maddowblog/mondays-mini-report-8524-rcna165261
"In Kamala Harris’ California, ‘weird’ is the ultimate insult",https://www.msnbc.com/the-reidout/reidout-blog/weird-harris-trump-california-slang-rcna165232
College pics of Kamala Harris help highlight her Black Greek history,https://www.msnbc.com/the-reidout/reidout-blog/kamala-harris-alpha-kappa-alpha-sorority-howard-rcna164185
Donald Trump is out of control,https://www.msnbc.com/morning-joe/morning-joe/donald-trump-kamala-harris-rally-georgia-rcna165244
Joe Rogan's Netflix special is light on comedy and heavy on bro complaints,https://www.msnbc.com/opinion/msnbc-opinion/joe-rogans-netflix-special-burn-boats-was-comedy-one-specific-audience-rcna165214
Supreme Court rejects Missouri's far-flung bid to intervene in Trump's N.Y. case,https://www.msnbc.com/deadline-white-house/deadline-legal-blog/missouri-trump-gag-order-supreme-court-rcna165238
"In Arizona’s fake electors case, Jenna Ellis agrees to cooperate",https://www.msnbc.com/rachel-maddow-show/maddowblog/arizonas-fake-elector-case-jenna-ellis-agrees-cooperate-rcna165256
Elon Musk-backed PAC is facing an investigation in Michigan,https://www.msnbc.com/the-reidout/reidout-blog/elon-musk-america-pac-michigan-investigation-rcna165186
Senator: There are more flights Clarence Thomas failed to disclose,https://www.msnbc.com/rachel-maddow-show/maddowblog/senator-are-flights-clarence-thomas-failed-disclose-rcna165233
The problem with Gorsuch's court reform warning to 'be careful',https://www.msnbc.com/deadline-white-house/deadline-legal-blog/gorsuch-supreme-court-reforms-rcna165152
I'm Black and Asian. Trump's attack on Kamala Harris was an attack on me.,https://www.msnbc.com/opinion/msnbc-opinion/trump-attack-kamala-harris-nabj-racist-xenophobia-rcna164871
Half of Trump’s former Cabinet secretaries haven’t backed his 2024 bid,https://www.msnbc.com/rachel-maddow-show/maddowblog/half-trumps-former-cabinet-secretaries-havent-backed-2024-election-rcna165185
"Monday’s Campaign Round-Up, 8.5.24",https://www.msnbc.com/rachel-maddow-show/maddowblog/mondays-campaign-8524-rcna165176
"On the politics of electric vehicles, Trump says the quiet part loud",https://www.msnbc.com/rachel-maddow-show/maddowblog/politics-electric-vehicles-trump-says-quiet-part-loud-elon-musk-2024-rcna165166
Judge Chutkan already busy on Trump docket after immunity delay,https://www.msnbc.com/deadline-white-house/deadline-legal-blog/judge-chutkan-trump-election-interference-case-rcna165135
Why Trump’s offensive against Georgia’s Republican governor matters,https://www.msnbc.com/rachel-maddow-show/maddowblog/trumps-offensive-georgias-republican-governor-brian-kemp-2024-election-rcna165156
"As Trump backs out of debate with Harris, what happens now?",https://www.msnbc.com/rachel-maddow-show/maddowblog/donald-trump-backs-debate-kamala-harris-what-now-election-2024-rcna165138
"‘Republicans for Harris’ launch features key names, impressive numbers",https://www.msnbc.com/rachel-maddow-show/maddowblog/republicans-harris-launch-key-names-impressive-numbers-election-2024-rcna165131
"With Putin, Trump ignores ‘do not congratulate’ advice (again)",https://www.msnbc.com/rachel-maddow-show/maddowblog/putin-trump-ignores-not-congratulate-advice-rcna165128
Why 'We're not going back' is such a powerful statement,https://www.msnbc.com/opinion/msnbc-opinion/kamala-harris-delivers-only-response-need-trumps-regressive-messaging-rcna165102
Transcript: Mystery Man,https://www.msnbc.com/msnbc-podcast/rachel-maddow-presents-ultra/transcript-mystery-man-rcna165108
"Season 2, Episode 8: Mystery Man",https://www.msnbc.com/msnbc-podcast/rachel-maddow-presents-ultra/season-2-episode-8-mystery-man-rcna165109
Kamala Harris has MAGA world freaking out about demons and the apocalypse,https://www.msnbc.com/opinion/msnbc-opinion/kamala-harris-maga-jezebel-apocalypse-rcna164922
Kamala Harris shouldn’t ignore immigration. She should run on it.,https://www.msnbc.com/opinion/msnbc-opinion/kamala-harris-defend-immigration-become-president-rcna164423
Olympic silver medalist Sha'Carri Richardson has every reason to celebrate,https://www.msnbc.com/opinion/msnbc-opinion/shacarri-richardson-wins-silver-medal-rcna165026
Sha'carri Richardson wins silver behind St. Lucia's Julien Alfred in women's 100-meter,https://www.msnbc.com/top-stories/latest/shacarri-richardson-100-meters-olympics-julien-alfred-rcna165023
"Jimmy Carter, 99, is holding out to vote for Kamala Harris, his grandson says",https://www.msnbc.com/top-stories/latest/jimmy-carter-vote-kamala-harris-rcna165019
Elizabeth Taylor turned a scandal into a playbook for modern fame,https://www.msnbc.com/opinion/msnbc-opinion/hbos-elizabeth-taylor-doc-chronicles-birth-modern-celebrity-rcna164997
"Judge tees up dismissal of Giuliani bankruptcy, opening door for creditors to collect",https://www.msnbc.com/top-stories/latest/rudy-giuliani-bankruptcy-freeman-moss-rcna165001
The U.S.-Puerto Rico basketball clash is more than a game,https://www.msnbc.com/opinion/msnbc-opinion/us-puerto-rico-basketball-statehood-rcna164491
Harris campaign says Trump is ‘running scared’ after he floats Fox News debate with new rules,https://www.msnbc.com/top-stories/latest/trump-debate-kamala-harris-audience-fox-news-rcna164990
There's a simple reason Simone Biles seems unbeatable at the Paris Olympics,https://www.msnbc.com/opinion/msnbc-opinion/simone-biles-paris-olympics-gymnastics-vault-difficulty-score-rcna164948
The real reason Team Trump keeps trying to call Kamala Harris a ‘DEI hire’,https://www.msnbc.com/opinion/msnbc-opinion/team-trump-calls-kamala-harris-dei-hire-rcna164117
Why Project 2025 is still a threat,https://www.msnbc.com/inside-with-jen-psaki/project-2025-still-threat-rcna164949
Biden's historic prisoner exchange was a feat Trump could never have achieved,https://www.msnbc.com/top-stories/latest/trump-biden-prisoner-exchange-russia-rcna164944
"JD Vance, father of three biracial kids, defends Trump’s attack on Kamala Harris’ biracial identity",https://www.msnbc.com/top-stories/latest/jd-vance-trump-harris-biracial-attack-totally-reasonable-rcna164893
July's weak jobs report sets up political dilemma for Democrats,https://www.msnbc.com/top-stories/latest/july-jobs-report-economy-fed-trump-rcna164934
"Friday’s Mini-Report, 8.2.24",https://www.msnbc.com/rachel-maddow-show/maddowblog/fridays-mini-report-8224-rcna164946
Biden has a good idea for fixing the Supreme Court. This is an even better one.,https://www.msnbc.com/opinion/msnbc-opinion/biden-supreme-court-term-limit-proposal-better-rcna164608
Trump's federal election interference case is back with Judge Chutkan,https://www.msnbc.com/deadline-white-house/deadline-legal-blog/trump-federal-election-case-chutkan-immunity-rcna164930
Judge suspends Justin Timberlake's driver's license after singer declined sobriety test,https://www.msnbc.com/top-stories/latest/justin-timberlake-driver-license-suspended-arrest-dwi-rcna164909
I was elected my town’s first Black mayor. Then they changed the locks on the town hall.,https://www.msnbc.com/opinion/msnbc-opinion/alabama-towns-first-black-mayor-speaks-rcna164416
The well-intentioned Kids Online Safety Act is ripe for MAGA exploitation,https://www.msnbc.com/opinion/msnbc-opinion/kids-online-safety-act-ron-wyden-rcna164576
Latest fentanyl seizure doesn’t do GOP talking points any favors,https://www.msnbc.com/rachel-maddow-show/maddowblog/latest-fentanyl-seizure-doesnt-gop-talking-points-favors-rcna164910
Why a panel said Jeff Clark should be barred from law practice for two years,https://www.msnbc.com/deadline-white-house/deadline-legal-blog/jeff-clark-barred-law-license-dc-rcna164835
"Eyeing another Trump term, Vance leaves ACA repeal on the table",https://www.msnbc.com/rachel-maddow-show/maddowblog/trump-vance-aca-repeal-affordable-care-act-obamacare-election-2024-rcna164892
"Friday’s Campaign Round-Up, 8.2.24",https://www.msnbc.com/rachel-maddow-show/maddowblog/fridays-campaign-8224-rcna164883
"Trump was late to NABJ interview because he didn't want to be fact-checked, group's president says",https://www.msnbc.com/top-stories/latest/trump-nabj-interview-fact-check-delay-rcna164845
Prisoner deal undermines one of Trump’s attack lines against Harris,https://www.msnbc.com/rachel-maddow-show/maddowblog/prisoner-deal-undermines-one-trumps-attack-lines-harris-rcna164870
"Loving her 'Black job,' Simone Biles appears to throw shade at Trump",https://www.msnbc.com/rachel-maddow-show/maddowblog/loving-black-job-simone-biles-appears-throw-shade-trump-rcna164862
"Returning to his roots, Trump promotes Harris’ birth certificate",https://www.msnbc.com/rachel-maddow-show/maddowblog/trump-promotes-kamala-harris-birth-certificate-election-2024-rcna164848
The Best Defense is a Good Offense,https://www.msnbc.com/msnbc-podcast/how-to-win/win-2024-best-defense-good-offense-rcna164849
Disappointing jobs report sends unmistakable signal to the Fed,https://www.msnbc.com/rachel-maddow-show/maddowblog/disappointing-jobs-report-sends-unmistakable-signal-fed-rcna164840
Something rare is happening: Trump and his allies are being defensive,https://www.msnbc.com/opinion/msnbc-opinion/trump-project-2025-weird-kamala-race-election-rcna164711
Why Trump isn’t celebrating as Americans return home from Russia,https://www.msnbc.com/rachel-maddow-show/maddowblog/trump-isnt-celebrating-americans-return-home-russia-rcna164827
The Harris honeymoon ends soon. She'd better be ready for what's next.,https://www.msnbc.com/opinion/msnbc-opinion/kamala-harris-energized-democrats-party-faces-maga-republicans-rcna164603
What it takes to free an American detained abroad,https://www.msnbc.com/opinion/msnbc-opinion/russia-prisoner-swap-evan-gershkovich-paul-whelan-rcna164749
Why Kamala Harris’ biracial identity upsets Donald Trump so much,https://www.msnbc.com/opinion/msnbc-opinion/trump-interview-kamala-harris-black-indian-nabj-rcna164736
"Thursday’s Mini-Report, 8.1.24",https://www.msnbc.com/rachel-maddow-show/maddowblog/thursdays-mini-report-8124-rcna164776
Donald Trump has always been ‘weird.’ Here's why it won’t work against Kamala Harris.,https://www.msnbc.com/top-stories/latest/donald-trump-weird-kamala-harris-rcna164753
"Trump is right about ‘two systems of justice,’ but for the wrong reasons",https://www.msnbc.com/deadline-white-house/deadline-legal-blog/trump-two-systems-of-justice-jan-6-pardon-rcna164658
Trump makes callous joke while honoring the man killed at his Butler rally,https://www.msnbc.com/top-stories/latest/trump-corey-comperatore-widow-rcna164738
Hamas leader Ismail Haniyeh was killed in Iran. What happens next?,https://www.msnbc.com/opinion/msnbc-opinion/israel-hamas-biden-haniyeh-assassination-rcna164747
Prime Minister Netanyahu: Make good on your promise and bring our son home,https://www.msnbc.com/opinion/msnbc-opinion/edan-alexander-hamas-hostage-message-netanyahu-rcna164588
Senate GOP derails compromise bill that included child tax credit,https://www.msnbc.com/rachel-maddow-show/maddowblog/senate-gop-derails-compromise-bill-included-child-tax-credit-rcna164752
Simone Biles wins gold in the Olympics all-around final,https://www.msnbc.com/top-stories/latest/simone-biles-wins-olympic-gold-medal-gymnastics-all-around-rcna164688
Neil Gorsuch features in Supreme Court bid against vague drug law,https://www.msnbc.com/deadline-white-house/deadline-legal-blog/gorsuch-analogue-act-drug-supreme-court-rcna164652
Donald Trump loses latest gag order challenge in New York,https://www.msnbc.com/deadline-white-house/deadline-legal-blog/trump-gag-order-appeal-loses-new-york-rcna164697
"The day after taking aim at Harris on race, Trump doubles down",https://www.msnbc.com/rachel-maddow-show/maddowblog/day-taking-aim-harris-race-trump-doubles-election-2024-racism-rcna164716
Beyoncé and Megan Thee Stallion are on Kamala Harris' side — that's bad news for Trump,https://www.msnbc.com/top-stories/latest/trump-harris-beyonce-megan-thee-stallion-2024-rcna164566
"Reporter Evan Gershkovich, veteran Paul Whelan released in Russia prisoner swap",https://www.msnbc.com/top-stories/latest/evan-gershkovich-paul-whelan-russia-prisoner-swap-rcna164653
"Thursday’s Campaign Round-Up, 8.1.24",https://www.msnbc.com/rachel-maddow-show/maddowblog/thursdays-campaign-8124-rcna164703
"Ahead of sentencing, Jan. 6 defendant leans on ‘Foxmania’ defense",https://www.msnbc.com/rachel-maddow-show/maddowblog/ahead-sentencing-jan-6-defendant-leans-foxmania-defense-rcna164683
Why Trump’s new commitment to pardons for Jan. 6 rioters matters,https://www.msnbc.com/rachel-maddow-show/maddowblog/trumps-new-commitment-pardons-jan-6-rioters-matters-rcna164670
"As JD Vance flounders, Trump does surprisingly little to help",https://www.msnbc.com/rachel-maddow-show/maddowblog/jd-vance-flounders-donald-trump-surprisingly-little-help-election-2024-rcna164655
"At NABJ event, Trump lights his outreach to Black voters on fire",https://www.msnbc.com/rachel-maddow-show/maddowblog/nabj-event-trump-lights-outreach-black-voters-fire-rcna164640
Brooke Shields on why she is in the most ‘exciting’ stage of her career yet,https://www.msnbc.com/know-your-value/career-growth/brooke-shields-exciting-stage-career-yet-rcna164095
How a career pivot at age 32 led Ava DuVernay to become the first Black woman to direct a $100M film,https://www.msnbc.com/know-your-value/career-growth/career-pivot-age-32-led-ava-duvernay-become-first-black-woman-direct-1-rcna164496
Legendary basketball coach Dawn Staley: ‘Ask for what you’re worth’,https://www.msnbc.com/know-your-value/out-of-office/legendary-basketball-coach-dawn-staley-ask-re-rcna164478
Mika: Kamala Harris is our 'best hope of saving health care for women in America',https://www.msnbc.com/know-your-value/out-of-office/mika-kamala-harris-best-hope-saving-healthcare-women-america-rcna164562
"Mika: With $15 trillion in spending power and decades of wisdom, women over 50 are THE incredible untapped resource",https://www.msnbc.com/know-your-value/business-culture/mika-15-trillion-spending-power-decades-wisdom-women-50-are-incredible-rcna164072
Forbes and Know Your Value reveal 4th annual ‘50 Over 50’ U.S. list,https://www.msnbc.com/know-your-value/forbes-know-value-reveal-4th-annual-50-50-us-list-rcna164075
Trump gave another reason why he’s too old to run for president,https://www.msnbc.com/opinion/msnbc-opinion/trump-too-old-president-age-harris-nabj-rcna164613
JD Vance’s policies for parents are even more sinister beneath the surface,https://www.msnbc.com/opinion/msnbc-opinion/jd-vances-childless-cat-lady-comment-isnt-even-worst-rcna164288
